101M,Asia
10231,Europe
10239,Europe
10268,Europe
10272,Europe
10296,Europe
102M,Asia
10328,Europe
103MA,Asia
103MB,Asia
10500,Europe
10524,Europe
10529,Europe
10531,Europe
10536,Europe
10537,Europe
10538,Europe
10562,Europe
10574,Europe
10588,Europe
10610,Europe
10638,Europe
10702,Europe
10708,Europe
10723,Europe
10727,Europe
10736,Europe
10743,Europe
10744,Europe
10771,Europe
10791,Europe
10792,Europe
10794,Europe
10795,Europe
1081168,Europe
10814,Europe
10819,Europe
1123850,Asia
112M,Asia
1130991,Europe
1145734,South America
118M,Asia
11M,Asia
13M,Asia
146M,Asia
154M,Asia
156MA,Asia
156MB,Asia
157M,Asia
15M,Asia
163M,Asia
17966_3#11,North America
17966_3#12,North America
17966_3#16,North America
17966_3#42,North America
20097D-01,
20181204,Oceania
21242_3#14,North America
21242_3#140,North America
21242_3#145,North America
21242_3#146,North America
21242_3#147,North America
21242_3#157,North America
21242_3#158,North America
21242_3#16,North America
21242_3#175,North America
21242_3#179,North America
21242_3#23,North America
21242_3#33,North America
21242_3#34,North America
21242_3#4,North America
21242_3#46,North America
21242_3#48,North America
21242_3#52,North America
21242_3#59,North America
21242_3#61,North America
21242_3#73,North America
21242_4#11,North America
21242_4#13,North America
21242_4#27,North America
21242_4#28,North America
21242_4#3,North America
21242_4#31,North America
21242_4#36,North America
21242_4#42,North America
21242_4#44,North America
21242_4#45,North America
21242_4#5,North America
21242_4#62,North America
21242_4#65,North America
21242_4#76,North America
21242_4#77,North America
21242_4#81,North America
21242_4#85,North America
21485_4#18,North America
21485_4#24,North America
21485_4#28,North America
21485_4#38,North America
24M,Asia
25818_2#167,North America
25818_2#184,North America
25818_2#192,North America
25818_2#217,North America
25818_2#221,North America
25818_2#229,North America
25818_2#236,North America
25818_2#238,North America
25818_2#241,North America
25818_2#270,North America
25818_2#298,North America
25818_2#312,North America
25818_2#39,North America
25818_2#48,North America
25818_3#234,North America
25818_3#250,North America
25818_3#255,North America
25818_3#263,North America
25818_3#293,North America
25818_3#317,North America
25818_3#324,North America
25818_3#332,North America
25818_3#359,North America
25818_3#375,North America
25818_3#379,North America
25818_3#381,North America
25825_2#121,North America
25825_2#127,North America
25825_2#148,North America
25825_2#177,North America
25825_2#35,North America
25825_2#43,North America
25825_2#56,North America
25825_2#57,North America
25825_2#6,North America
25825_2#70,North America
28B,
30M,Asia
31M,Asia
32M,Asia
35M,Asia
3M,Asia
43M,Asia
45M,Asia
46M,Asia
54M,Asia
71M,Asia
78M,Asia
7M,Asia
82M,Asia
9035,Europe
9071,Europe
9112,Europe
9126,Europe
9343,Europe
9399,Europe
9431,Europe
9460,Europe
9464,Europe
94M,Asia
95M,Asia
96MA,Asia
96MB,Asia
97M,Asia
99M,Asia
AT159,Europe
ATCC49226,Europe
AUNG106,Oceania
AUNG1065,Oceania
AUNG1167,Oceania
AUNG1212,Oceania
AUNG1233,Oceania
AUNG1251,Oceania
AUNG1291,Oceania
AUNG1359,Oceania
AUNG1364,Oceania
AUNG1470,Oceania
AUNG15,Oceania
AUNG1582,Oceania
AUNG169,Oceania
AUNG1815,Oceania
AUNG1826,Oceania
AUNG461,Oceania
AUNG549,Oceania
AUNG966,Oceania
AUSMDU00010541,Oceania
BJ16148,Asia
CCC001,Asia
CCC002,Asia
CCC003,Asia
CCC004,Asia
CCC005,Asia
CCC006,Asia
CCC007,Asia
CCC008,Asia
CCC009,Asia
CCC010,Asia
CCC011,Asia
CCC012,Asia
CCC013,Asia
CCC014,Asia
CCC015,Asia
CCC016,Asia
CCC017,Asia
CCC018,Asia
CCC019,Asia
CCC020,Asia
CCC021,Asia
CCC022,Asia
CCC023,Asia
CCC024,Asia
CCC025,Asia
CCC026,Asia
CCC027,Asia
CCC028,Asia
CCC029,Asia
CCC030,Asia
CCC031,Asia
CCC032,Asia
CCC033,Asia
CCC034,Asia
CCC035,Asia
CCC036,Asia
CCC037,Asia
CCC038,Asia
CCC039,Asia
CCC040,Asia
CCC041,Asia
CCC042,Asia
CCC043,Asia
CCC044,Asia
CCC045,Asia
CCC046,Asia
CCC047,Asia
CCC048,Asia
CCC049,Asia
CCC050,Asia
CT213,Asia
CT530,Asia
CT532,Asia
CT602,Asia
DDD001,Asia
DDD002,Asia
DDD003,Asia
DDD004,Asia
DDD005,Asia
DDD006,Asia
DDD007,Asia
DDD008,Asia
DDD009,Asia
DDD010,Asia
DDD011,Asia
DDD012,Asia
DDD013,Asia
DDD014,Asia
DDD015,Asia
DDD016,Asia
DDD017,Asia
DDD018,Asia
DDD019,Asia
DDD020,Asia
DDD021,Asia
DDD022,Asia
DDD023,Asia
DDD024,Asia
DDD025,Asia
DDD026,Asia
DDD027,Asia
DDD028,Asia
DDD029,Asia
DDD030,Asia
DDD031,Asia
DDD032,Asia
DDD033,Asia
DDD034,Asia
DDD035,Asia
DDD036,Asia
DDD037,Asia
DDD038,Asia
DDD039,Asia
DDD040,Asia
DDD041,Asia
DDD042,Asia
DDD043,Asia
DDD044,Asia
DDD045,Asia
DDD046,Asia
DDD047,Asia
DDD048,Asia
DDD049,Asia
DDD050,Asia
EEE001,Asia
EEE002,Asia
EEE003,Asia
EEE004,Asia
EEE005,Asia
EEE006,Asia
EEE007,Asia
EEE008,Asia
EEE009,Asia
EEE010,Asia
EEE011,Asia
EEE012,Asia
EEE013,Asia
EEE014,Asia
EEE015,Asia
EEE016,Asia
EEE017,Asia
EEE018,Asia
EEE019,Asia
EEE020,Asia
EEE021,Asia
EEE022,Asia
EEE023,Asia
EEE024,Asia
EEE025,Asia
EEE026,Asia
EEE027,Asia
EEE028,Asia
EEE029,Asia
EEE030,Asia
EEE031,Asia
EEE032,Asia
EEE033,Asia
EEE034,Asia
EEE035,Asia
EEE036,Asia
EEE037,Asia
EEE038,Asia
EEE039,Asia
EEE040,Asia
EEE041,Asia
EEE042,Asia
EEE043,Asia
EEE044,Asia
EEE045,Asia
EEE046,Asia
EEE047,Asia
EEE048,Asia
EEE049,Asia
EEE050,Asia
ERR855085,
ERR855357,
FA1090,North America
FA19,North America
FA6140,North America
FC428,
FDAARGOS_204,North America
FDAARGOS_205,North America
FDAARGOS_207,North America
FFF001,Asia
FFF002,Asia
FFF003,Asia
FFF004,Asia
FFF005,Asia
FFF006,Asia
FFF007,Asia
FFF008,Asia
FFF009,Asia
FFF010,Asia
FFF011,Asia
FFF012,Asia
FFF013,Asia
FFF014,Asia
FFF015,Asia
FFF016,Asia
FFF017,Asia
FFF018,Asia
FFF019,Asia
FFF020,Asia
FFF021,Asia
FFF022,Asia
FFF023,Asia
FFF024,Asia
FFF025,Asia
FFF026,Asia
FFF027,Asia
FFF028,Asia
FFF029,Asia
FFF030,Asia
FFF031,Asia
FFF032,Asia
FFF033,Asia
FFF034,Asia
FFF035,Asia
FFF036,Asia
FFF037,Asia
FFF038,Asia
FFF039,Asia
FFF040,Asia
FFF041,Asia
FFF042,Asia
FFF043,Asia
FFF044,Asia
FFF045,Asia
FFF046,Asia
FFF047,Asia
FFF048,Asia
FFF049,Asia
FFF050,Asia
FQ01,North America
FQ02,North America
FQ04,North America
FQ20,North America
FQ35,North America
FQ36,North America
FQ48,North America
FQ82,North America
FQ84,North America
GCGS0092,North America
GCGS0099,North America
GCGS0106,North America
GCGS0126,North America
GCGS0138,North America
GCGS0161,North America
GCGS0171,North America
GCGS0173,North America
GCGS0175,North America
GCGS0242,North America
GCGS0245,North America
GCGS0249,North America
GCGS0251,North America
GCGS0270,North America
GCGS0275,North America
GCGS0276,North America
GCGS0284,North America
GCGS0286,North America
GCGS0290,North America
GCGS0292,North America
GCGS0296,North America
GCGS0297,North America
GCGS0298,North America
GCGS0306,North America
GCGS0307,North America
GCGS0311,North America
GCGS0313,North America
GCGS0315,North America
GCGS0317,North America
GCGS0336,North America
GCGS0338,North America
GCGS0339,North America
GCGS0345,North America
GCGS0348,North America
GCGS0349,North America
GCGS0353,North America
GCGS0354,North America
GCGS0355,North America
GCGS0358,North America
GCGS0362,North America
GCGS0363,North America
GCGS0364,North America
GCGS0365,North America
GCGS0373,North America
GCGS0374,North America
GCGS0375,North America
GCGS0377,North America
GCGS0394,North America
GCGS0400,North America
GCGS0402,North America
GCGS0403,North America
GCGS0404,North America
GCGS0405,North America
GCGS0406,North America
GCGS0407,North America
GCGS0417,North America
GCGS0423,North America
GCGS0431,North America
GCGS0432,North America
GCGS0436,North America
GCGS0439,North America
GCGS0440,North America
GCGS0449,North America
GCGS0454,North America
GCGS0457,North America
GCGS0460,North America
GCGS0465,North America
GCGS0471,North America
GCGS0472,North America
GCGS0473,North America
GCGS0481,North America
GCGS0485,North America
GCGS0489,North America
GCGS0497,North America
GCGS0501,North America
GCGS0522,North America
GCGS0524,North America
GCGS0525,North America
GCGS0530,North America
GCGS0536,North America
GCGS0537,North America
GCGS0543,North America
GCGS0546,North America
GCGS0547,North America
GCGS0550,North America
GCGS0560,North America
GCGS0561,North America
GCGS0562,North America
GCGS0566,North America
GCGS0572,North America
GCGS0573,North America
GCGS0574,North America
GCGS0575,North America
GCGS0576,North America
GCGS0580,North America
GCGS0587,North America
GCGS0604,North America
GCGS0605,North America
GCGS0610,North America
GCGS0611,North America
GCGS0615,North America
GCGS0616,North America
GCGS0619,North America
GCGS0620,North America
GCGS0627,North America
GCGS0647,North America
GCGS0658,North America
GCGS0668,North America
GCGS0671,North America
GCGS0672,North America
GCGS0698,North America
GCGS0702,North America
GCGS0708,North America
GCGS0709,North America
GCGS0726,North America
GCGS0734,North America
GCGS0736,North America
GCGS0745,North America
GCGS0749,North America
GCGS0757,North America
GCGS0759,North America
GCGS0763,North America
GCGS0765,North America
GCGS0766,North America
GCGS0769,North America
GCGS0777,North America
GCGS0781,North America
GCGS0782,North America
GCGS0790,North America
GCGS0791,North America
GCGS0807,North America
GCGS0812,North America
GCGS0820,North America
GCGS0821,North America
GCGS0834,North America
GCGS0838,North America
GCGS0849,North America
GCGS0850,North America
GCGS0853,North America
GCGS0857,North America
GCGS0860,North America
GCGS0862,North America
GCGS0864,North America
GCGS0870,North America
GCGS0872,North America
GCGS0876,North America
GCGS0877,North America
GCGS0878,North America
GCGS0879,North America
GCGS0880,North America
GCGS0881,North America
GCGS0883,North America
GCGS0894,North America
GCGS0903,North America
GCGS0905,North America
GCGS0906,North America
GCGS0912,North America
GCGS0914,North America
GCGS0920,North America
GCGS0922,North America
GCGS0923,North America
GCGS0926,North America
GCGS0927,North America
GCGS0929,North America
GCGS0932,North America
GCGS0933,North America
GCGS0934,North America
GCGS0938,North America
GCGS0943,North America
GCGS0944,North America
GCGS0959,North America
GCGS0960,North America
GCGS0961,North America
GCGS0962,North America
GCGS0978,North America
GCGS0980,North America
GCGS0982,North America
GCGS0983,North America
GCGS0984,North America
GCGS0985,North America
GCGS0996,North America
GCGS0997,North America
GCGS0998,North America
GCGS1006,North America
GCGS1007,North America
GCGS1013,North America
GCGS1014,North America
GCGS1026,North America
GCGS1029,North America
GCGS1035,North America
GCGS1043,North America
GCGS1045,North America
GCGS1048,North America
GCGS1055,North America
GCGS1095,North America
GCGS1096,North America
GCGS1097,North America
GCGS1103,North America
GCs11K,Africa
GCs12L,Africa
GCs13M,Africa
GCs14N,Africa
GCs16P,Africa
GCs18R,Africa
GCs21U,Africa
GCs22V,Africa
GCs24X,Africa
GCs30D,Africa
GCs32F,Africa
GCs33G,Africa
GCs34H,Africa
GCs35I,Africa
GCs45S,Africa
GCs46T,Africa
GCs47U,Africa
GCs48V,Africa
GCs51Y,Africa
GCs52Z,Africa
GCs53B,Africa
GCs54C,Africa
GCs56E,Africa
GGG002,Asia
GGG005,Asia
GGG006,Asia
GGG007,Asia
GGG008,Asia
GGG009,Asia
GGG010,Asia
GGG012,Asia
GGG014,Asia
GGG015,Asia
GGG016,Asia
GGG017,Asia
GGG018,Asia
GGG019,Asia
GGG020,Asia
GGG021,Asia
GGG022,Asia
GGG023,Asia
GGG024,Asia
GGG026,Asia
GGG028,Asia
GGG031,Asia
GGG032,Asia
GGG033,Asia
GGG034,Asia
GGG035,Asia
GGG036,Asia
GGG037,Asia
GGG038,Asia
GGG039,Asia
GGG040,Asia
GGG041,Asia
GGG042,Asia
GGG043,Asia
GGG045,Asia
GGG046,Asia
GGG047,Asia
GGG048,Asia
GGG049,Asia
GGG050,Asia
H035,Asia
HHH001,Asia
HHH002,Asia
HHH003,Asia
HHH004,Asia
HHH005,Asia
HHH006,Asia
HHH008,Asia
HHH009,Asia
HHH010,Asia
HHH011,Asia
HHH012,Asia
HHH013,Asia
HHH014,Asia
HHH015,Asia
HHH016,Asia
HHH017,Asia
HHH018,Asia
HHH020,Asia
HHH021,Asia
HHH022,Asia
HHH023,Asia
HHH024,Asia
HHH025,Asia
HHH026,Asia
HHH027,Asia
HHH028,Asia
HHH029,Asia
HHH030,Asia
HHH031,Asia
HHH032,Asia
HHH033,Asia
HHH034,Asia
HHH035,Asia
HHH036,Asia
HHH037,Asia
HHH038,Asia
HHH039,Asia
HHH040,Asia
HHH041,Asia
HHH042,Asia
HHH043,Asia
HHH044,Asia
HHH045,Asia
HHH046,Asia
JJJ001,Asia
JJJ002,Asia
JJJ003,Asia
JJJ004,Asia
JJJ005,Asia
JJJ006,Asia
JJJ007,Asia
JJJ008,Asia
JJJ009,Asia
JJJ010,Asia
JJJ011,Asia
JJJ012,Asia
JJJ013,Asia
JJJ014,Asia
JJJ015,Asia
JJJ016,Asia
JJJ017,Asia
JJJ018,Asia
JJJ019,Asia
JJJ020,Asia
JJJ021,Asia
JJJ022,Asia
JJJ023,Asia
JJJ024,Asia
JJJ025,Asia
MS11,North America
NG196,Asia
NG250,Asia
NG251,Asia
NG290,Asia
Ng_102,North America
Ng_114,North America
Ng_118,North America
Ng_123,North America
Ng_126,North America
Ng_128,North America
Ng_129,North America
Ng_131,North America
Ng_133,North America
Ng_134,North America
Ng_136,North America
Ng_140,North America
Ng_141,North America
Ng_144,North America
Ng_148,North America
Ng_151,North America
Ng_154,North America
Ng_162,North America
Ng_163,North America
Ng_165,North America
Ng_171,North America
Ng_175,North America
Ng_176,North America
Ng_180,North America
Ng_183,North America
Ng_188,North America
Ng_25,North America
Ng_30,North America
Ng_54,North America
Ng_74,North America
Ng_91,North America
RIVM0610,Europe
RIVM0640,Europe
SE690,Europe
SRR5827031,Oceania
SRR5827032,Oceania
SRR5827069,Oceania
SRR5827082,Oceania
SRR5827122,Oceania
SRR5827126,Oceania
SRR5827141,Oceania
SRR5827169,Oceania
SRR5827182,Oceania
SRR5827204,Oceania
SRR5827228,Oceania
SRR5827236,Oceania
SRR5827238,Oceania
SRR5827260,Oceania
SRR5827283,Oceania
SRR5827295,Oceania
SRR5827301,Oceania
SRR5827318,Oceania
SRR5827322,Oceania
SRR5827342,Oceania
SRR5827361,Oceania
SRR5827369,Oceania
SRR5827373,Oceania
SRR5827375,Oceania
SRR5827412,Oceania
SRR5827413,Oceania
SRR8833282,
SRR8833283,
SRR8833284,
SRR8833288,
SRR8833289,
SRR8833290,
SRR8833291,
SRR8833292,
SRR8833294,
SRR8833297,
SRR8992476,
SRR8992477,
SRRSH203,Asia
SRRSH204,Asia
SRRSH205,Asia
SRRSH207,Asia
SRRSH214,Asia
SRRSH229,Asia
SRRSH240,Asia
SS3160,Asia
TFG-A2,Oceania
TFG-B2,Oceania
TUM15748,Asia
TUM16691,
UMASS-DGI_1,
UMASS-DGI_10,
UMASS-DGI_11,
UMASS-DGI_14,
UMASS-DGI_18,
UMASS-DGI_19,
UMASS-DGI_2,
UMASS-DGI_20,
UMASS-DGI_21,
UMASS-DGI_24,
UMASS-DGI_25,
UMASS-DGI_26,
UMASS-DGI_27,
UMASS-DGI_29,
UMASS-DGI_3,
UMASS-DGI_33,
UMASS-DGI_34,
UMASS-DGI_36,
UMASS-DGI_37,
UMASS-DGI_38,
UMASS-DGI_4,
UMASS-DGI_40,
UMASS-DGI_41,
UMASS-DGI_42,
UMASS-DGI_43,
UMASS-DGI_44,
UMASS-DGI_45,
UMASS-DGI_46,
UMASS-DGI_48,
UMASS-DGI_49,
UMASS-DGI_5,
UMASS-DGI_50,
UMASS-DGI_51,
UMASS-DGI_52,
UMASS-DGI_53,
UMASS-DGI_54,
UMASS-DGI_55,
UMASS-DGI_56,
UMASS-DGI_57,
UMASS-DGI_58,
UMASS-DGI_59,
UMASS-DGI_60,
UMASS-DGI_61,
UMASS-DGI_62,
UMASS-DGI_63,
UMASS-DGI_64,
UMASS-DGI_65,
UMASS-DGI_66,
UMASS-DGI_67,
UMASS-DGI_68,
UMASS-DGI_69,
UMASS-DGI_70,
UMASS-DGI_8,
UMASS-DGI_9,
101M,Vietnam
10231,Russia
10239,Russia
10268,Russia
10272,Russia
10296,Russia
102M,Vietnam
10328,Russia
103MA,Vietnam
103MB,Vietnam
10500,Russia
10524,Russia
10529,Russia
10531,Russia
10536,Russia
10537,Russia
10538,Russia
10562,Russia
10574,Russia
10588,Russia
10610,Russia
10638,Russia
10702,Russia
10708,Russia
10723,Russia
10727,Russia
10736,Russia
10743,Russia
10744,Russia
10771,Russia
10791,Russia
10792,Russia
10794,Russia
10795,Russia
1081168,Italy
10814,Russia
10819,Russia
1123850,Taiwan
112M,Vietnam
1130991,Belgium
1145734,Chile
118M,Vietnam
11M,Vietnam
13M,Vietnam
146M,Vietnam
154M,Vietnam
156MA,Vietnam
156MB,Vietnam
157M,Vietnam
15M,Vietnam
163M,Vietnam
17966_3#11,USA
17966_3#12,USA
17966_3#16,USA
17966_3#42,USA
20097D-01,
20181204,Australia
21242_3#14,USA
21242_3#140,USA
21242_3#145,USA
21242_3#146,USA
21242_3#147,USA
21242_3#157,USA
21242_3#158,USA
21242_3#16,USA
21242_3#175,USA
21242_3#179,USA
21242_3#23,USA
21242_3#33,USA
21242_3#34,USA
21242_3#4,USA
21242_3#46,USA
21242_3#48,USA
21242_3#52,USA
21242_3#59,USA
21242_3#61,USA
21242_3#73,USA
21242_4#11,USA
21242_4#13,USA
21242_4#27,USA
21242_4#28,USA
21242_4#3,USA
21242_4#31,USA
21242_4#36,USA
21242_4#42,USA
21242_4#44,USA
21242_4#45,USA
21242_4#5,USA
21242_4#62,USA
21242_4#65,USA
21242_4#76,USA
21242_4#77,USA
21242_4#81,USA
21242_4#85,USA
21485_4#18,USA
21485_4#24,USA
21485_4#28,USA
21485_4#38,USA
24M,Vietnam
25818_2#167,USA
25818_2#184,USA
25818_2#192,USA
25818_2#217,USA
25818_2#221,USA
25818_2#229,USA
25818_2#236,USA
25818_2#238,USA
25818_2#241,USA
25818_2#270,USA
25818_2#298,USA
25818_2#312,USA
25818_2#39,USA
25818_2#48,USA
25818_3#234,USA
25818_3#250,USA
25818_3#255,USA
25818_3#263,USA
25818_3#293,USA
25818_3#317,USA
25818_3#324,USA
25818_3#332,USA
25818_3#359,USA
25818_3#375,USA
25818_3#379,USA
25818_3#381,USA
25825_2#121,USA
25825_2#127,USA
25825_2#148,USA
25825_2#177,USA
25825_2#35,USA
25825_2#43,USA
25825_2#56,USA
25825_2#57,USA
25825_2#6,USA
25825_2#70,USA
28B,
30M,Vietnam
31M,Vietnam
32M,Vietnam
35M,Vietnam
3M,Vietnam
43M,Vietnam
45M,Vietnam
46M,Vietnam
54M,Vietnam
71M,Vietnam
78M,Vietnam
7M,Vietnam
82M,Vietnam
9035,Russia
9071,Russia
9112,Russia
9126,Russia
9343,Russia
9399,Russia
9431,Russia
9460,Russia
9464,Russia
94M,Vietnam
95M,Vietnam
96MA,Vietnam
96MB,Vietnam
97M,Vietnam
99M,Vietnam
AT159,Austria
ATCC49226,Russia
AUNG106,Australia
AUNG1065,Australia
AUNG1167,Australia
AUNG1212,Australia
AUNG1233,Australia
AUNG1251,Australia
AUNG1291,Australia
AUNG1359,Australia
AUNG1364,Australia
AUNG1470,Australia
AUNG15,Australia
AUNG1582,Australia
AUNG169,Australia
AUNG1815,Australia
AUNG1826,Australia
AUNG461,Australia
AUNG549,Australia
AUNG966,Australia
AUSMDU00010541,Australia
BJ16148,China
CCC001,Hong Kong
CCC002,Hong Kong
CCC003,Hong Kong
CCC004,Hong Kong
CCC005,Hong Kong
CCC006,Hong Kong
CCC007,Hong Kong
CCC008,Hong Kong
CCC009,Hong Kong
CCC010,Hong Kong
CCC011,Hong Kong
CCC012,Hong Kong
CCC013,Hong Kong
CCC014,Hong Kong
CCC015,Hong Kong
CCC016,Hong Kong
CCC017,Hong Kong
CCC018,Hong Kong
CCC019,Hong Kong
CCC020,Hong Kong
CCC021,Hong Kong
CCC022,Hong Kong
CCC023,Hong Kong
CCC024,Hong Kong
CCC025,Hong Kong
CCC026,Hong Kong
CCC027,Hong Kong
CCC028,Hong Kong
CCC029,Hong Kong
CCC030,Hong Kong
CCC031,Hong Kong
CCC032,Hong Kong
CCC033,Hong Kong
CCC034,Hong Kong
CCC035,Hong Kong
CCC036,Hong Kong
CCC037,Hong Kong
CCC038,Hong Kong
CCC039,Hong Kong
CCC040,Hong Kong
CCC041,Hong Kong
CCC042,Hong Kong
CCC043,Hong Kong
CCC044,Hong Kong
CCC045,Hong Kong
CCC046,Hong Kong
CCC047,Hong Kong
CCC048,Hong Kong
CCC049,Hong Kong
CCC050,Hong Kong
CT213,Thailand
CT530,Thailand
CT532,Thailand
CT602,Thailand
DDD001,Hong Kong
DDD002,Hong Kong
DDD003,Hong Kong
DDD004,Hong Kong
DDD005,Hong Kong
DDD006,Hong Kong
DDD007,Hong Kong
DDD008,Hong Kong
DDD009,Hong Kong
DDD010,Hong Kong
DDD011,Hong Kong
DDD012,Hong Kong
DDD013,Hong Kong
DDD014,Hong Kong
DDD015,Hong Kong
DDD016,Hong Kong
DDD017,Hong Kong
DDD018,Hong Kong
DDD019,Hong Kong
DDD020,Hong Kong
DDD021,Hong Kong
DDD022,Hong Kong
DDD023,Hong Kong
DDD024,Hong Kong
DDD025,Hong Kong
DDD026,Hong Kong
DDD027,Hong Kong
DDD028,Hong Kong
DDD029,Hong Kong
DDD030,Hong Kong
DDD031,Hong Kong
DDD032,Hong Kong
DDD033,Hong Kong
DDD034,Hong Kong
DDD035,Hong Kong
DDD036,Hong Kong
DDD037,Hong Kong
DDD038,Hong Kong
DDD039,Hong Kong
DDD040,Hong Kong
DDD041,Hong Kong
DDD042,Hong Kong
DDD043,Hong Kong
DDD044,Hong Kong
DDD045,Hong Kong
DDD046,Hong Kong
DDD047,Hong Kong
DDD048,Hong Kong
DDD049,Hong Kong
DDD050,Hong Kong
EEE001,Hong Kong
EEE002,Hong Kong
EEE003,Hong Kong
EEE004,Hong Kong
EEE005,Hong Kong
EEE006,Hong Kong
EEE007,Hong Kong
EEE008,Hong Kong
EEE009,Hong Kong
EEE010,Hong Kong
EEE011,Hong Kong
EEE012,Hong Kong
EEE013,Hong Kong
EEE014,Hong Kong
EEE015,Hong Kong
EEE016,Hong Kong
EEE017,Hong Kong
EEE018,Hong Kong
EEE019,Hong Kong
EEE020,Hong Kong
EEE021,Hong Kong
EEE022,Hong Kong
EEE023,Hong Kong
EEE024,Hong Kong
EEE025,Hong Kong
EEE026,Hong Kong
EEE027,Hong Kong
EEE028,Hong Kong
EEE029,Hong Kong
EEE030,Hong Kong
EEE031,Hong Kong
EEE032,Hong Kong
EEE033,Hong Kong
EEE034,Hong Kong
EEE035,Hong Kong
EEE036,Hong Kong
EEE037,Hong Kong
EEE038,Hong Kong
EEE039,Hong Kong
EEE040,Hong Kong
EEE041,Hong Kong
EEE042,Hong Kong
EEE043,Hong Kong
EEE044,Hong Kong
EEE045,Hong Kong
EEE046,Hong Kong
EEE047,Hong Kong
EEE048,Hong Kong
EEE049,Hong Kong
EEE050,Hong Kong
ERR855085,
ERR855357,
FA1090,USA
FA19,USA
FA6140,USA
FC428,
FDAARGOS_204,USA
FDAARGOS_205,USA
FDAARGOS_207,USA
FFF001,Hong Kong
FFF002,Hong Kong
FFF003,Hong Kong
FFF004,Hong Kong
FFF005,Hong Kong
FFF006,Hong Kong
FFF007,Hong Kong
FFF008,Hong Kong
FFF009,Hong Kong
FFF010,Hong Kong
FFF011,Hong Kong
FFF012,Hong Kong
FFF013,Hong Kong
FFF014,Hong Kong
FFF015,Hong Kong
FFF016,Hong Kong
FFF017,Hong Kong
FFF018,Hong Kong
FFF019,Hong Kong
FFF020,Hong Kong
FFF021,Hong Kong
FFF022,Hong Kong
FFF023,Hong Kong
FFF024,Hong Kong
FFF025,Hong Kong
FFF026,Hong Kong
FFF027,Hong Kong
FFF028,Hong Kong
FFF029,Hong Kong
FFF030,Hong Kong
FFF031,Hong Kong
FFF032,Hong Kong
FFF033,Hong Kong
FFF034,Hong Kong
FFF035,Hong Kong
FFF036,Hong Kong
FFF037,Hong Kong
FFF038,Hong Kong
FFF039,Hong Kong
FFF040,Hong Kong
FFF041,Hong Kong
FFF042,Hong Kong
FFF043,Hong Kong
FFF044,Hong Kong
FFF045,Hong Kong
FFF046,Hong Kong
FFF047,Hong Kong
FFF048,Hong Kong
FFF049,Hong Kong
FFF050,Hong Kong
FQ01,USA
FQ02,USA
FQ04,USA
FQ20,USA
FQ35,USA
FQ36,USA
FQ48,USA
FQ82,USA
FQ84,USA
GCGS0092,USA
GCGS0099,USA
GCGS0106,USA
GCGS0126,USA
GCGS0138,USA
GCGS0161,USA
GCGS0171,USA
GCGS0173,USA
GCGS0175,USA
GCGS0242,USA
GCGS0245,USA
GCGS0249,USA
GCGS0251,USA
GCGS0270,USA
GCGS0275,USA
GCGS0276,USA
GCGS0284,USA
GCGS0286,USA
GCGS0290,USA
GCGS0292,USA
GCGS0296,USA
GCGS0297,USA
GCGS0298,USA
GCGS0306,USA
GCGS0307,USA
GCGS0311,USA
GCGS0313,USA
GCGS0315,USA
GCGS0317,USA
GCGS0336,USA
GCGS0338,USA
GCGS0339,USA
GCGS0345,USA
GCGS0348,USA
GCGS0349,USA
GCGS0353,USA
GCGS0354,USA
GCGS0355,USA
GCGS0358,USA
GCGS0362,USA
GCGS0363,USA
GCGS0364,USA
GCGS0365,USA
GCGS0373,USA
GCGS0374,USA
GCGS0375,USA
GCGS0377,USA
GCGS0394,USA
GCGS0400,USA
GCGS0402,USA
GCGS0403,USA
GCGS0404,USA
GCGS0405,USA
GCGS0406,USA
GCGS0407,USA
GCGS0417,USA
GCGS0423,USA
GCGS0431,USA
GCGS0432,USA
GCGS0436,USA
GCGS0439,USA
GCGS0440,USA
GCGS0449,USA
GCGS0454,USA
GCGS0457,USA
GCGS0460,USA
GCGS0465,USA
GCGS0471,USA
GCGS0472,USA
GCGS0473,USA
GCGS0481,USA
GCGS0485,USA
GCGS0489,USA
GCGS0497,USA
GCGS0501,USA
GCGS0522,USA
GCGS0524,USA
GCGS0525,USA
GCGS0530,USA
GCGS0536,USA
GCGS0537,USA
GCGS0543,USA
GCGS0546,USA
GCGS0547,USA
GCGS0550,USA
GCGS0560,USA
GCGS0561,USA
GCGS0562,USA
GCGS0566,USA
GCGS0572,USA
GCGS0573,USA
GCGS0574,USA
GCGS0575,USA
GCGS0576,USA
GCGS0580,USA
GCGS0587,USA
GCGS0604,USA
GCGS0605,USA
GCGS0610,USA
GCGS0611,USA
GCGS0615,USA
GCGS0616,USA
GCGS0619,USA
GCGS0620,USA
GCGS0627,USA
GCGS0647,USA
GCGS0658,USA
GCGS0668,USA
GCGS0671,USA
GCGS0672,USA
GCGS0698,USA
GCGS0702,USA
GCGS0708,USA
GCGS0709,USA
GCGS0726,USA
GCGS0734,USA
GCGS0736,USA
GCGS0745,USA
GCGS0749,USA
GCGS0757,USA
GCGS0759,USA
GCGS0763,USA
GCGS0765,USA
GCGS0766,USA
GCGS0769,USA
GCGS0777,USA
GCGS0781,USA
GCGS0782,USA
GCGS0790,USA
GCGS0791,USA
GCGS0807,USA
GCGS0812,USA
GCGS0820,USA
GCGS0821,USA
GCGS0834,USA
GCGS0838,USA
GCGS0849,USA
GCGS0850,USA
GCGS0853,USA
GCGS0857,USA
GCGS0860,USA
GCGS0862,USA
GCGS0864,USA
GCGS0870,USA
GCGS0872,USA
GCGS0876,USA
GCGS0877,USA
GCGS0878,USA
GCGS0879,USA
GCGS0880,USA
GCGS0881,USA
GCGS0883,USA
GCGS0894,USA
GCGS0903,USA
GCGS0905,USA
GCGS0906,USA
GCGS0912,USA
GCGS0914,USA
GCGS0920,USA
GCGS0922,USA
GCGS0923,USA
GCGS0926,USA
GCGS0927,USA
GCGS0929,USA
GCGS0932,USA
GCGS0933,USA
GCGS0934,USA
GCGS0938,USA
GCGS0943,USA
GCGS0944,USA
GCGS0959,USA
GCGS0960,USA
GCGS0961,USA
GCGS0962,USA
GCGS0978,USA
GCGS0980,USA
GCGS0982,USA
GCGS0983,USA
GCGS0984,USA
GCGS0985,USA
GCGS0996,USA
GCGS0997,USA
GCGS0998,USA
GCGS1006,USA
GCGS1007,USA
GCGS1013,USA
GCGS1014,USA
GCGS1026,USA
GCGS1029,USA
GCGS1035,USA
GCGS1043,USA
GCGS1045,USA
GCGS1048,USA
GCGS1055,USA
GCGS1095,USA
GCGS1096,USA
GCGS1097,USA
GCGS1103,USA
GCs11K,Ethiopia
GCs12L,Ethiopia
GCs13M,Ethiopia
GCs14N,Ethiopia
GCs16P,Ethiopia
GCs18R,Ethiopia
GCs21U,Ethiopia
GCs22V,Ethiopia
GCs24X,Ethiopia
GCs30D,Ethiopia
GCs32F,Ethiopia
GCs33G,Ethiopia
GCs34H,Ethiopia
GCs35I,Ethiopia
GCs45S,Ethiopia
GCs46T,Ethiopia
GCs47U,Ethiopia
GCs48V,Ethiopia
GCs51Y,Ethiopia
GCs52Z,Ethiopia
GCs53B,Ethiopia
GCs54C,Ethiopia
GCs56E,Ethiopia
GGG002,Vietnam
GGG005,Vietnam
GGG006,Vietnam
GGG007,Vietnam
GGG008,Vietnam
GGG009,Vietnam
GGG010,Vietnam
GGG012,Vietnam
GGG014,Vietnam
GGG015,Vietnam
GGG016,Vietnam
GGG017,Vietnam
GGG018,Vietnam
GGG019,Vietnam
GGG020,Vietnam
GGG021,Vietnam
GGG022,Vietnam
GGG023,Vietnam
GGG024,Vietnam
GGG026,Vietnam
GGG028,Vietnam
GGG031,Vietnam
GGG032,Vietnam
GGG033,Vietnam
GGG034,Vietnam
GGG035,Vietnam
GGG036,Vietnam
GGG037,Vietnam
GGG038,Vietnam
GGG039,Vietnam
GGG040,Vietnam
GGG041,Vietnam
GGG042,Vietnam
GGG043,Vietnam
GGG045,Vietnam
GGG046,Vietnam
GGG047,Vietnam
GGG048,Vietnam
GGG049,Vietnam
GGG050,Vietnam
H035,Japan
HHH001,Vietnam
HHH002,Vietnam
HHH003,Vietnam
HHH004,Vietnam
HHH005,Vietnam
HHH006,Vietnam
HHH008,Vietnam
HHH009,Vietnam
HHH010,Vietnam
HHH011,Vietnam
HHH012,Vietnam
HHH013,Vietnam
HHH014,Vietnam
HHH015,Vietnam
HHH016,Vietnam
HHH017,Vietnam
HHH018,Vietnam
HHH020,Vietnam
HHH021,Vietnam
HHH022,Vietnam
HHH023,Vietnam
HHH024,Vietnam
HHH025,Vietnam
HHH026,Vietnam
HHH027,Vietnam
HHH028,Vietnam
HHH029,Vietnam
HHH030,Vietnam
HHH031,Vietnam
HHH032,Vietnam
HHH033,Vietnam
HHH034,Vietnam
HHH035,Vietnam
HHH036,Vietnam
HHH037,Vietnam
HHH038,Vietnam
HHH039,Vietnam
HHH040,Vietnam
HHH041,Vietnam
HHH042,Vietnam
HHH043,Vietnam
HHH044,Vietnam
HHH045,Vietnam
HHH046,Vietnam
JJJ001,Hong Kong
JJJ002,Hong Kong
JJJ003,Hong Kong
JJJ004,Hong Kong
JJJ005,Hong Kong
JJJ006,Hong Kong
JJJ007,Hong Kong
JJJ008,Hong Kong
JJJ009,Hong Kong
JJJ010,Hong Kong
JJJ011,Hong Kong
JJJ012,Hong Kong
JJJ013,Hong Kong
JJJ014,Hong Kong
JJJ015,Hong Kong
JJJ016,Hong Kong
JJJ017,Hong Kong
JJJ018,Hong Kong
JJJ019,Hong Kong
JJJ020,Hong Kong
JJJ021,Hong Kong
JJJ022,Hong Kong
JJJ023,Hong Kong
JJJ024,Hong Kong
JJJ025,Hong Kong
MS11,USA
NG196,Thailand
NG250,Thailand
NG251,Thailand
NG290,Thailand
Ng_102,Dominican Republic
Ng_114,Dominican Republic
Ng_118,Dominican Republic
Ng_123,Dominican Republic
Ng_126,Dominican Republic
Ng_128,Dominican Republic
Ng_129,Dominican Republic
Ng_131,Dominican Republic
Ng_133,Dominican Republic
Ng_134,Dominican Republic
Ng_136,Dominican Republic
Ng_140,Dominican Republic
Ng_141,Dominican Republic
Ng_144,Dominican Republic
Ng_148,Dominican Republic
Ng_151,Dominican Republic
Ng_154,Dominican Republic
Ng_162,Dominican Republic
Ng_163,Dominican Republic
Ng_165,Dominican Republic
Ng_171,Dominican Republic
Ng_175,Dominican Republic
Ng_176,Dominican Republic
Ng_180,Dominican Republic
Ng_183,Dominican Republic
Ng_188,Dominican Republic
Ng_25,Dominican Republic
Ng_30,Dominican Republic
Ng_54,Dominican Republic
Ng_74,Dominican Republic
Ng_91,Dominican Republic
RIVM0610,Netherlands
RIVM0640,Netherlands
SE690,Sweden
SRR5827031,New Zealand
SRR5827032,New Zealand
SRR5827069,New Zealand
SRR5827082,New Zealand
SRR5827122,New Zealand
SRR5827126,New Zealand
SRR5827141,New Zealand
SRR5827169,New Zealand
SRR5827182,New Zealand
SRR5827204,New Zealand
SRR5827228,New Zealand
SRR5827236,New Zealand
SRR5827238,New Zealand
SRR5827260,New Zealand
SRR5827283,New Zealand
SRR5827295,New Zealand
SRR5827301,New Zealand
SRR5827318,New Zealand
SRR5827322,New Zealand
SRR5827342,New Zealand
SRR5827361,New Zealand
SRR5827369,New Zealand
SRR5827373,New Zealand
SRR5827375,New Zealand
SRR5827412,New Zealand
SRR5827413,New Zealand
SRR8833282,
SRR8833283,
SRR8833284,
SRR8833288,
SRR8833289,
SRR8833290,
SRR8833291,
SRR8833292,
SRR8833294,
SRR8833297,
SRR8992476,
SRR8992477,
SRRSH203,China
SRRSH204,China
SRRSH205,China
SRRSH207,China
SRRSH214,China
SRRSH229,China
SRRSH240,China
SS3160,Japan
TFG-A2,Australia
TFG-B2,Australia
TUM15748,Japan
TUM16691,
UMASS-DGI_1,
UMASS-DGI_10,
UMASS-DGI_11,
UMASS-DGI_14,
UMASS-DGI_18,
UMASS-DGI_19,
UMASS-DGI_2,
UMASS-DGI_20,
UMASS-DGI_21,
UMASS-DGI_24,
UMASS-DGI_25,
UMASS-DGI_26,
UMASS-DGI_27,
UMASS-DGI_29,
UMASS-DGI_3,
UMASS-DGI_33,
UMASS-DGI_34,
UMASS-DGI_36,
UMASS-DGI_37,
UMASS-DGI_38,
UMASS-DGI_4,
UMASS-DGI_40,
UMASS-DGI_41,
UMASS-DGI_42,
UMASS-DGI_43,
UMASS-DGI_44,
UMASS-DGI_45,
UMASS-DGI_46,
UMASS-DGI_48,
UMASS-DGI_49,
UMASS-DGI_5,
UMASS-DGI_50,
UMASS-DGI_51,
UMASS-DGI_52,
UMASS-DGI_53,
UMASS-DGI_54,
UMASS-DGI_55,
UMASS-DGI_56,
UMASS-DGI_57,
UMASS-DGI_58,
UMASS-DGI_59,
UMASS-DGI_60,
UMASS-DGI_61,
UMASS-DGI_62,
UMASS-DGI_63,
UMASS-DGI_64,
UMASS-DGI_65,
UMASS-DGI_66,
UMASS-DGI_67,
UMASS-DGI_68,
UMASS-DGI_69,
UMASS-DGI_70,
UMASS-DGI_8,
UMASS-DGI_9,
101M,2010.0
10231,2010.0
10239,2010.0
10268,2010.0
10272,2010.0
10296,2010.0
102M,2010.0
10328,2010.0
103MA,2010.0
103MB,2010.0
10500,2010.0
10524,2010.0
10529,2010.0
10531,2010.0
10536,2010.0
10537,2010.0
10538,2010.0
10562,2010.0
10574,2010.0
10588,2010.0
10610,2010.0
10638,2010.0
10702,2010.0
10708,2010.0
10723,2010.0
10727,2010.0
10736,2010.0
10743,2010.0
10744,2010.0
10771,2010.0
10791,2010.0
10792,2010.0
10794,2010.0
10795,2010.0
1081168,2010.0
10814,2010.0
10819,2010.0
1123850,2010.0
112M,2010.0
1130991,2010.0
1145734,2010.0
118M,2010.0
11M,2010.0
13M,2010.0
146M,2010.0
154M,2010.0
156MA,2010.0
156MB,2010.0
157M,2010.0
15M,2010.0
163M,2010.0
17966_3#11,2010.0
17966_3#12,2010.0
17966_3#16,2010.0
17966_3#42,2010.0
20097D-01,
20181204,2010.0
21242_3#14,2010.0
21242_3#140,2010.0
21242_3#145,2010.0
21242_3#146,2010.0
21242_3#147,2010.0
21242_3#157,2010.0
21242_3#158,2010.0
21242_3#16,2010.0
21242_3#175,2010.0
21242_3#179,2010.0
21242_3#23,2010.0
21242_3#33,2010.0
21242_3#34,2010.0
21242_3#4,2010.0
21242_3#46,2010.0
21242_3#48,2010.0
21242_3#52,2010.0
21242_3#59,2010.0
21242_3#61,2010.0
21242_3#73,2010.0
21242_4#11,2010.0
21242_4#13,2010.0
21242_4#27,2010.0
21242_4#28,2010.0
21242_4#3,2010.0
21242_4#31,2010.0
21242_4#36,2010.0
21242_4#42,2010.0
21242_4#44,2010.0
21242_4#45,2010.0
21242_4#5,2010.0
21242_4#62,2010.0
21242_4#65,2010.0
21242_4#76,2010.0
21242_4#77,2010.0
21242_4#81,2010.0
21242_4#85,2010.0
21485_4#18,2010.0
21485_4#24,2010.0
21485_4#28,2010.0
21485_4#38,2010.0
24M,2010.0
25818_2#167,2010.0
25818_2#184,2010.0
25818_2#192,2010.0
25818_2#217,2010.0
25818_2#221,2010.0
25818_2#229,2010.0
25818_2#236,2010.0
25818_2#238,2010.0
25818_2#241,2010.0
25818_2#270,2010.0
25818_2#298,2010.0
25818_2#312,
25818_2#39,
25818_2#48,2010.0
25818_3#234,2010.0
25818_3#250,2010.0
25818_3#255,2010.0
25818_3#263,2010.0
25818_3#293,2010.0
25818_3#317,2010.0
25818_3#324,2010.0
25818_3#332,2010.0
25818_3#359,2010.0
25818_3#375,2010.0
25818_3#379,2010.0
25818_3#381,2010.0
25825_2#121,2010.0
25825_2#127,2010.0
25825_2#148,2010.0
25825_2#177,2010.0
25825_2#35,2010.0
25825_2#43,2010.0
25825_2#56,2010.0
25825_2#57,2010.0
25825_2#6,2010.0
25825_2#70,2010.0
28B,
30M,2010.0
31M,2010.0
32M,2010.0
35M,2010.0
3M,2010.0
43M,2010.0
45M,2010.0
46M,2010.0
54M,2010.0
71M,2010.0
78M,2010.0
7M,2010.0
82M,2010.0
9035,2010.0
9071,2010.0
9112,2010.0
9126,2010.0
9343,2010.0
9399,2010.0
9431,2010.0
9460,2010.0
9464,2010.0
94M,2010.0
95M,2010.0
96MA,2010.0
96MB,2010.0
97M,2010.0
99M,2010.0
AT159,2020.0
ATCC49226,2020.0
AUNG106,2010.0
AUNG1065,2010.0
AUNG1167,2010.0
AUNG1212,2010.0
AUNG1233,2010.0
AUNG1251,2010.0
AUNG1291,2010.0
AUNG1359,2010.0
AUNG1364,2010.0
AUNG1470,2010.0
AUNG15,2010.0
AUNG1582,2010.0
AUNG169,2010.0
AUNG1815,2010.0
AUNG1826,2010.0
AUNG461,2010.0
AUNG549,2010.0
AUNG966,2010.0
AUSMDU00010541,2010.0
BJ16148,2010.0
CCC001,2010.0
CCC002,2010.0
CCC003,2010.0
CCC004,2010.0
CCC005,2010.0
CCC006,2010.0
CCC007,
CCC008,
CCC009,2010.0
CCC010,2010.0
CCC011,2010.0
CCC012,2010.0
CCC013,2010.0
CCC014,2010.0
CCC015,2010.0
CCC016,2010.0
CCC017,2010.0
CCC018,2010.0
CCC019,2010.0
CCC020,2010.0
CCC021,2010.0
CCC022,2010.0
CCC023,2010.0
CCC024,2010.0
CCC025,2010.0
CCC026,2010.0
CCC027,2010.0
CCC028,2010.0
CCC029,2010.0
CCC030,2010.0
CCC031,
CCC032,2010.0
CCC033,2010.0
CCC034,2010.0
CCC035,2010.0
CCC036,
CCC037,2010.0
CCC038,2010.0
CCC039,2010.0
CCC040,2010.0
CCC041,2010.0
CCC042,2010.0
CCC043,2010.0
CCC044,2010.0
CCC045,
CCC046,
CCC047,2010.0
CCC048,2010.0
CCC049,2010.0
CCC050,2010.0
CT213,2010.0
CT530,2010.0
CT532,2010.0
CT602,2010.0
DDD001,2010.0
DDD002,2010.0
DDD003,2010.0
DDD004,2010.0
DDD005,2010.0
DDD006,2010.0
DDD007,2010.0
DDD008,2010.0
DDD009,2010.0
DDD010,2010.0
DDD011,2010.0
DDD012,2010.0
DDD013,2010.0
DDD014,2010.0
DDD015,2010.0
DDD016,2010.0
DDD017,2010.0
DDD018,2010.0
DDD019,2010.0
DDD020,2010.0
DDD021,2010.0
DDD022,2010.0
DDD023,2010.0
DDD024,2010.0
DDD025,2010.0
DDD026,2010.0
DDD027,2010.0
DDD028,2010.0
DDD029,2010.0
DDD030,2010.0
DDD031,2010.0
DDD032,2010.0
DDD033,2010.0
DDD034,2010.0
DDD035,2010.0
DDD036,
DDD037,2010.0
DDD038,2010.0
DDD039,2010.0
DDD040,2010.0
DDD041,2010.0
DDD042,2010.0
DDD043,2010.0
DDD044,2010.0
DDD045,2010.0
DDD046,2010.0
DDD047,2010.0
DDD048,2010.0
DDD049,2010.0
DDD050,2010.0
EEE001,2010.0
EEE002,2010.0
EEE003,2010.0
EEE004,2010.0
EEE005,2010.0
EEE006,2010.0
EEE007,2010.0
EEE008,2010.0
EEE009,2010.0
EEE010,2010.0
EEE011,2010.0
EEE012,2010.0
EEE013,2010.0
EEE014,2010.0
EEE015,2010.0
EEE016,2010.0
EEE017,2010.0
EEE018,2010.0
EEE019,2010.0
EEE020,2010.0
EEE021,2010.0
EEE022,2010.0
EEE023,2010.0
EEE024,2010.0
EEE025,2010.0
EEE026,2010.0
EEE027,2010.0
EEE028,2010.0
EEE029,2010.0
EEE030,2010.0
EEE031,2010.0
EEE032,2010.0
EEE033,2010.0
EEE034,2010.0
EEE035,2010.0
EEE036,2010.0
EEE037,2010.0
EEE038,2010.0
EEE039,2010.0
EEE040,2010.0
EEE041,2010.0
EEE042,2010.0
EEE043,2010.0
EEE044,2010.0
EEE045,2010.0
EEE046,2010.0
EEE047,2010.0
EEE048,2010.0
EEE049,
EEE050,2010.0
ERR855085,
ERR855357,
FA1090,1980.0
FA19,1960.0
FA6140,1980.0
FC428,
FDAARGOS_204,
FDAARGOS_205,
FDAARGOS_207,1980.0
FFF001,2010.0
FFF002,2010.0
FFF003,2010.0
FFF004,2010.0
FFF005,2010.0
FFF006,2010.0
FFF007,2010.0
FFF008,2010.0
FFF009,2010.0
FFF010,2010.0
FFF011,2010.0
FFF012,2010.0
FFF013,2010.0
FFF014,2010.0
FFF015,2010.0
FFF016,
FFF017,2010.0
FFF018,2010.0
FFF019,2010.0
FFF020,2010.0
FFF021,2010.0
FFF022,
FFF023,2010.0
FFF024,2010.0
FFF025,2010.0
FFF026,2010.0
FFF027,2010.0
FFF028,2010.0
FFF029,2010.0
FFF030,2010.0
FFF031,2010.0
FFF032,
FFF033,2010.0
FFF034,2010.0
FFF035,2010.0
FFF036,
FFF037,2010.0
FFF038,2010.0
FFF039,2010.0
FFF040,2010.0
FFF041,2010.0
FFF042,2010.0
FFF043,2010.0
FFF044,2010.0
FFF045,2010.0
FFF046,2010.0
FFF047,2010.0
FFF048,2010.0
FFF049,2010.0
FFF050,2010.0
FQ01,2010.0
FQ02,2010.0
FQ04,2010.0
FQ20,2010.0
FQ35,2010.0
FQ36,2010.0
FQ48,2010.0
FQ82,2010.0
FQ84,2010.0
GCGS0092,2010.0
GCGS0099,2010.0
GCGS0106,2010.0
GCGS0126,2010.0
GCGS0138,2010.0
GCGS0161,2010.0
GCGS0171,2010.0
GCGS0173,2010.0
GCGS0175,2010.0
GCGS0242,2010.0
GCGS0245,2000.0
GCGS0249,2000.0
GCGS0251,2000.0
GCGS0270,2000.0
GCGS0275,2000.0
GCGS0276,2000.0
GCGS0284,2000.0
GCGS0286,2000.0
GCGS0290,2000.0
GCGS0292,2000.0
GCGS0296,2000.0
GCGS0297,2000.0
GCGS0298,2000.0
GCGS0306,2000.0
GCGS0307,2000.0
GCGS0311,2000.0
GCGS0313,2010.0
GCGS0315,2010.0
GCGS0317,2000.0
GCGS0336,2010.0
GCGS0338,2010.0
GCGS0339,2010.0
GCGS0345,2010.0
GCGS0348,2010.0
GCGS0349,2010.0
GCGS0353,2010.0
GCGS0354,2010.0
GCGS0355,2010.0
GCGS0358,2000.0
GCGS0362,2000.0
GCGS0363,2010.0
GCGS0364,2000.0
GCGS0365,2000.0
GCGS0373,2010.0
GCGS0374,2000.0
GCGS0375,2010.0
GCGS0377,2010.0
GCGS0394,2010.0
GCGS0400,2000.0
GCGS0402,2010.0
GCGS0403,2010.0
GCGS0404,2010.0
GCGS0405,2010.0
GCGS0406,2010.0
GCGS0407,2000.0
GCGS0417,2000.0
GCGS0423,2010.0
GCGS0431,2010.0
GCGS0432,2010.0
GCGS0436,2010.0
GCGS0439,2000.0
GCGS0440,2000.0
GCGS0449,2010.0
GCGS0454,2010.0
GCGS0457,2010.0
GCGS0460,2010.0
GCGS0465,2010.0
GCGS0471,2010.0
GCGS0472,2010.0
GCGS0473,2010.0
GCGS0481,2000.0
GCGS0485,2010.0
GCGS0489,2010.0
GCGS0497,2010.0
GCGS0501,2000.0
GCGS0522,2010.0
GCGS0524,2000.0
GCGS0525,2000.0
GCGS0530,2000.0
GCGS0536,2000.0
GCGS0537,2000.0
GCGS0543,2010.0
GCGS0546,2000.0
GCGS0547,2000.0
GCGS0550,2010.0
GCGS0560,2010.0
GCGS0561,2010.0
GCGS0562,2010.0
GCGS0566,2000.0
GCGS0572,2010.0
GCGS0573,2000.0
GCGS0574,2010.0
GCGS0575,2010.0
GCGS0576,2000.0
GCGS0580,2000.0
GCGS0587,2010.0
GCGS0604,2010.0
GCGS0605,2000.0
GCGS0610,2010.0
GCGS0611,2010.0
GCGS0615,2010.0
GCGS0616,2010.0
GCGS0619,2010.0
GCGS0620,2010.0
GCGS0627,2000.0
GCGS0647,2000.0
GCGS0658,2010.0
GCGS0668,2010.0
GCGS0671,2010.0
GCGS0672,2010.0
GCGS0698,2010.0
GCGS0702,2000.0
GCGS0708,2010.0
GCGS0709,2000.0
GCGS0726,2000.0
GCGS0734,2000.0
GCGS0736,2000.0
GCGS0745,2010.0
GCGS0749,2010.0
GCGS0757,2010.0
GCGS0759,2010.0
GCGS0763,2010.0
GCGS0765,2010.0
GCGS0766,2000.0
GCGS0769,2010.0
GCGS0777,2000.0
GCGS0781,2010.0
GCGS0782,2000.0
GCGS0790,2010.0
GCGS0791,2010.0
GCGS0807,2010.0
GCGS0812,2000.0
GCGS0820,2010.0
GCGS0821,2010.0
GCGS0834,2010.0
GCGS0838,2010.0
GCGS0849,2010.0
GCGS0850,2010.0
GCGS0853,2010.0
GCGS0857,2010.0
GCGS0860,2010.0
GCGS0862,2010.0
GCGS0864,2010.0
GCGS0870,2000.0
GCGS0872,2010.0
GCGS0876,2010.0
GCGS0877,2010.0
GCGS0878,2010.0
GCGS0879,2010.0
GCGS0880,2010.0
GCGS0881,2010.0
GCGS0883,2010.0
GCGS0894,2010.0
GCGS0903,2010.0
GCGS0905,2010.0
GCGS0906,2010.0
GCGS0912,2010.0
GCGS0914,2010.0
GCGS0920,2000.0
GCGS0922,2010.0
GCGS0923,2010.0
GCGS0926,2010.0
GCGS0927,2010.0
GCGS0929,2010.0
GCGS0932,2010.0
GCGS0933,2010.0
GCGS0934,2010.0
GCGS0938,2010.0
GCGS0943,2010.0
GCGS0944,2000.0
GCGS0959,2010.0
GCGS0960,2010.0
GCGS0961,2010.0
GCGS0962,2010.0
GCGS0978,2010.0
GCGS0980,2010.0
GCGS0982,2010.0
GCGS0983,2010.0
GCGS0984,2010.0
GCGS0985,2010.0
GCGS0996,2010.0
GCGS0997,2010.0
GCGS0998,2010.0
GCGS1006,2010.0
GCGS1007,2010.0
GCGS1013,2010.0
GCGS1014,2010.0
GCGS1026,2000.0
GCGS1029,2000.0
GCGS1035,2000.0
GCGS1043,2000.0
GCGS1045,2000.0
GCGS1048,2000.0
GCGS1055,2000.0
GCGS1095,2010.0
GCGS1096,2000.0
GCGS1097,2000.0
GCGS1103,2000.0
GCs11K,
GCs12L,
GCs13M,
GCs14N,
GCs16P,
GCs18R,
GCs21U,
GCs22V,
GCs24X,
GCs30D,
GCs32F,
GCs33G,
GCs34H,
GCs35I,
GCs45S,
GCs46T,
GCs47U,
GCs48V,
GCs51Y,
GCs52Z,
GCs53B,
GCs54C,
GCs56E,
GGG002,2010.0
GGG005,2010.0
GGG006,2010.0
GGG007,2010.0
GGG008,2010.0
GGG009,2010.0
GGG010,2010.0
GGG012,2010.0
GGG014,2010.0
GGG015,2010.0
GGG016,2010.0
GGG017,2010.0
GGG018,2010.0
GGG019,2010.0
GGG020,2010.0
GGG021,2010.0
GGG022,2010.0
GGG023,2010.0
GGG024,2010.0
GGG026,2010.0
GGG028,2010.0
GGG031,2010.0
GGG032,2010.0
GGG033,2010.0
GGG034,2010.0
GGG035,2010.0
GGG036,2010.0
GGG037,2010.0
GGG038,2010.0
GGG039,2010.0
GGG040,2010.0
GGG041,2010.0
GGG042,2010.0
GGG043,2010.0
GGG045,2010.0
GGG046,2010.0
GGG047,2010.0
GGG048,2010.0
GGG049,2010.0
GGG050,2010.0
H035,2000.0
HHH001,2010.0
HHH002,2010.0
HHH003,2010.0
HHH004,2010.0
HHH005,2010.0
HHH006,2010.0
HHH008,2010.0
HHH009,2010.0
HHH010,2010.0
HHH011,2010.0
HHH012,2010.0
HHH013,2010.0
HHH014,2010.0
HHH015,2010.0
HHH016,2010.0
HHH017,2010.0
HHH018,2010.0
HHH020,2010.0
HHH021,2010.0
HHH022,2010.0
HHH023,2010.0
HHH024,2010.0
HHH025,2010.0
HHH026,2010.0
HHH027,2010.0
HHH028,2010.0
HHH029,2010.0
HHH030,2010.0
HHH031,2010.0
HHH032,2010.0
HHH033,2010.0
HHH034,2010.0
HHH035,2010.0
HHH036,2010.0
HHH037,2010.0
HHH038,2010.0
HHH039,2010.0
HHH040,2010.0
HHH041,2010.0
HHH042,2010.0
HHH043,2010.0
HHH044,2010.0
HHH045,2010.0
HHH046,2010.0
JJJ001,2010.0
JJJ002,2010.0
JJJ003,2010.0
JJJ004,2010.0
JJJ005,2010.0
JJJ006,2010.0
JJJ007,2010.0
JJJ008,2010.0
JJJ009,2010.0
JJJ010,2010.0
JJJ011,2010.0
JJJ012,2010.0
JJJ013,2010.0
JJJ014,2010.0
JJJ015,2010.0
JJJ016,2010.0
JJJ017,2010.0
JJJ018,2010.0
JJJ019,2010.0
JJJ020,2010.0
JJJ021,2010.0
JJJ022,2010.0
JJJ023,2010.0
JJJ024,2010.0
JJJ025,
MS11,1960.0
NG196,2000.0
NG250,2010.0
NG251,2010.0
NG290,2010.0
Ng_102,2010.0
Ng_114,2010.0
Ng_118,2010.0
Ng_123,2010.0
Ng_126,2010.0
Ng_128,2010.0
Ng_129,2010.0
Ng_131,2010.0
Ng_133,2010.0
Ng_134,2010.0
Ng_136,2010.0
Ng_140,2010.0
Ng_141,2010.0
Ng_144,2010.0
Ng_148,2010.0
Ng_151,2010.0
Ng_154,2010.0
Ng_162,2010.0
Ng_163,2010.0
Ng_165,2010.0
Ng_171,2010.0
Ng_175,2010.0
Ng_176,2010.0
Ng_180,2010.0
Ng_183,2010.0
Ng_188,2010.0
Ng_25,2010.0
Ng_30,2010.0
Ng_54,2010.0
Ng_74,2010.0
Ng_91,2010.0
RIVM0610,2000.0
RIVM0640,2000.0
SE690,2020.0
SRR5827031,2010.0
SRR5827032,2010.0
SRR5827069,2010.0
SRR5827082,2010.0
SRR5827122,2010.0
SRR5827126,2010.0
SRR5827141,2010.0
SRR5827169,2010.0
SRR5827182,2010.0
SRR5827204,2010.0
SRR5827228,2010.0
SRR5827236,2010.0
SRR5827238,2010.0
SRR5827260,2010.0
SRR5827283,2010.0
SRR5827295,2010.0
SRR5827301,2010.0
SRR5827318,2010.0
SRR5827322,2010.0
SRR5827342,2010.0
SRR5827361,2010.0
SRR5827369,2010.0
SRR5827373,2010.0
SRR5827375,2010.0
SRR5827412,2010.0
SRR5827413,2010.0
SRR8833282,
SRR8833283,
SRR8833284,
SRR8833288,
SRR8833289,
SRR8833290,
SRR8833291,
SRR8833292,
SRR8833294,
SRR8833297,
SRR8992476,
SRR8992477,
SRRSH203,2010.0
SRRSH204,2010.0
SRRSH205,2010.0
SRRSH207,2010.0
SRRSH214,2010.0
SRRSH229,2010.0
SRRSH240,2010.0
SS3160,2010.0
TFG-A2,2010.0
TFG-B2,2010.0
TUM15748,2010.0
TUM16691,
UMASS-DGI_1,
UMASS-DGI_10,
UMASS-DGI_11,
UMASS-DGI_14,
UMASS-DGI_18,
UMASS-DGI_19,
UMASS-DGI_2,
UMASS-DGI_20,
UMASS-DGI_21,
UMASS-DGI_24,
UMASS-DGI_25,
UMASS-DGI_26,
UMASS-DGI_27,
UMASS-DGI_29,
UMASS-DGI_3,
UMASS-DGI_33,
UMASS-DGI_34,
UMASS-DGI_36,
UMASS-DGI_37,
UMASS-DGI_38,
UMASS-DGI_4,
UMASS-DGI_40,
UMASS-DGI_41,
UMASS-DGI_42,
UMASS-DGI_43,
UMASS-DGI_44,
UMASS-DGI_45,
UMASS-DGI_46,
UMASS-DGI_48,
UMASS-DGI_49,
UMASS-DGI_5,
UMASS-DGI_50,
UMASS-DGI_51,
UMASS-DGI_52,
UMASS-DGI_53,
UMASS-DGI_54,
UMASS-DGI_55,
UMASS-DGI_56,
UMASS-DGI_57,
UMASS-DGI_58,
UMASS-DGI_59,
UMASS-DGI_60,
UMASS-DGI_61,
UMASS-DGI_62,
UMASS-DGI_63,
UMASS-DGI_64,
UMASS-DGI_65,
UMASS-DGI_66,
UMASS-DGI_67,
UMASS-DGI_68,
UMASS-DGI_69,
UMASS-DGI_70,
UMASS-DGI_8,
UMASS-DGI_9,
101M,
10231,
10239,
10268,
10272,
10296,
102M,
10328,
103MA,
103MB,
10500,
10524,
10529,
10531,
10536,
10537,
10538,
10562,
10574,
10588,
10610,
10638,
10702,
10708,
10723,
10727,
10736,
10743,
10744,
10771,
10791,
10792,
10794,
10795,
1081168,M
10814,
10819,
1123850,M
112M,
1130991,W
1145734,M
118M,
11M,
13M,
146M,
154M,
156MA,
156MB,
157M,
15M,
163M,
17966_3#11,M
17966_3#12,M
17966_3#16,M
17966_3#42,M
20097D-01,
20181204,
21242_3#14,M
21242_3#140,M
21242_3#145,M
21242_3#146,M
21242_3#147,M
21242_3#157,M
21242_3#158,M
21242_3#16,M
21242_3#175,M
21242_3#179,M
21242_3#23,M
21242_3#33,M
21242_3#34,M
21242_3#4,M
21242_3#46,M
21242_3#48,M
21242_3#52,M
21242_3#59,M
21242_3#61,M
21242_3#73,M
21242_4#11,M
21242_4#13,M
21242_4#27,M
21242_4#28,M
21242_4#3,M
21242_4#31,M
21242_4#36,M
21242_4#42,M
21242_4#44,M
21242_4#45,M
21242_4#5,M
21242_4#62,M
21242_4#65,M
21242_4#76,M
21242_4#77,M
21242_4#81,M
21242_4#85,M
21485_4#18,M
21485_4#24,M
21485_4#28,M
21485_4#38,M
24M,
25818_2#167,M
25818_2#184,W
25818_2#192,M
25818_2#217,M
25818_2#221,M
25818_2#229,M
25818_2#236,M
25818_2#238,M
25818_2#241,M
25818_2#270,M
25818_2#298,M
25818_2#312,
25818_2#39,
25818_2#48,M
25818_3#234,M
25818_3#250,M
25818_3#255,M
25818_3#263,M
25818_3#293,M
25818_3#317,M
25818_3#324,M
25818_3#332,M
25818_3#359,M
25818_3#375,M
25818_3#379,M
25818_3#381,M
25825_2#121,M
25825_2#127,M
25825_2#148,M
25825_2#177,M
25825_2#35,M
25825_2#43,M
25825_2#56,M
25825_2#57,M
25825_2#6,M
25825_2#70,M
28B,
30M,
31M,
32M,
35M,
3M,
43M,
45M,
46M,
54M,
71M,
78M,
7M,
82M,
9035,
9071,
9112,
9126,
9343,
9399,
9431,
9460,
9464,
94M,
95M,
96MA,
96MB,
97M,
99M,
AT159,M
ATCC49226,
AUNG106,M
AUNG1065,W
AUNG1167,M
AUNG1212,M
AUNG1233,M
AUNG1251,M
AUNG1291,M
AUNG1359,M
AUNG1364,M
AUNG1470,M
AUNG15,M
AUNG1582,M
AUNG169,M
AUNG1815,M
AUNG1826,M
AUNG461,M
AUNG549,W
AUNG966,W
AUSMDU00010541,
BJ16148,M
CCC001,
CCC002,
CCC003,
CCC004,
CCC005,
CCC006,
CCC007,
CCC008,
CCC009,
CCC010,
CCC011,
CCC012,
CCC013,
CCC014,
CCC015,
CCC016,
CCC017,
CCC018,
CCC019,
CCC020,
CCC021,
CCC022,
CCC023,
CCC024,
CCC025,
CCC026,
CCC027,
CCC028,
CCC029,
CCC030,
CCC031,
CCC032,
CCC033,
CCC034,
CCC035,
CCC036,
CCC037,
CCC038,
CCC039,
CCC040,
CCC041,
CCC042,
CCC043,
CCC044,
CCC045,
CCC046,
CCC047,
CCC048,
CCC049,
CCC050,
CT213,
CT530,W
CT532,M
CT602,M
DDD001,
DDD002,
DDD003,
DDD004,
DDD005,
DDD006,
DDD007,
DDD008,
DDD009,
DDD010,
DDD011,
DDD012,
DDD013,
DDD014,
DDD015,
DDD016,
DDD017,
DDD018,
DDD019,
DDD020,
DDD021,
DDD022,
DDD023,
DDD024,
DDD025,
DDD026,
DDD027,
DDD028,
DDD029,
DDD030,
DDD031,
DDD032,
DDD033,
DDD034,
DDD035,
DDD036,
DDD037,
DDD038,
DDD039,
DDD040,
DDD041,
DDD042,
DDD043,
DDD044,
DDD045,
DDD046,
DDD047,
DDD048,
DDD049,
DDD050,
EEE001,
EEE002,
EEE003,
EEE004,
EEE005,
EEE006,
EEE007,
EEE008,
EEE009,
EEE010,
EEE011,
EEE012,
EEE013,
EEE014,
EEE015,
EEE016,
EEE017,
EEE018,
EEE019,
EEE020,
EEE021,
EEE022,
EEE023,
EEE024,
EEE025,
EEE026,
EEE027,
EEE028,
EEE029,
EEE030,
EEE031,
EEE032,
EEE033,
EEE034,
EEE035,
EEE036,
EEE037,
EEE038,
EEE039,
EEE040,
EEE041,
EEE042,
EEE043,
EEE044,
EEE045,
EEE046,
EEE047,
EEE048,
EEE049,
EEE050,
ERR855085,
ERR855357,
FA1090,
FA19,
FA6140,
FC428,
FDAARGOS_204,
FDAARGOS_205,
FDAARGOS_207,
FFF001,
FFF002,
FFF003,
FFF004,
FFF005,
FFF006,
FFF007,
FFF008,
FFF009,
FFF010,
FFF011,
FFF012,
FFF013,
FFF014,
FFF015,
FFF016,
FFF017,
FFF018,
FFF019,
FFF020,
FFF021,
FFF022,
FFF023,
FFF024,
FFF025,
FFF026,
FFF027,
FFF028,
FFF029,
FFF030,
FFF031,
FFF032,
FFF033,
FFF034,
FFF035,
FFF036,
FFF037,
FFF038,
FFF039,
FFF040,
FFF041,
FFF042,
FFF043,
FFF044,
FFF045,
FFF046,
FFF047,
FFF048,
FFF049,
FFF050,
FQ01,
FQ02,
FQ04,
FQ20,
FQ35,
FQ36,
FQ48,
FQ82,
FQ84,
GCGS0092,M
GCGS0099,M
GCGS0106,M
GCGS0126,M
GCGS0138,M
GCGS0161,M
GCGS0171,M
GCGS0173,M
GCGS0175,M
GCGS0242,M
GCGS0245,M
GCGS0249,M
GCGS0251,M
GCGS0270,M
GCGS0275,M
GCGS0276,M
GCGS0284,M
GCGS0286,M
GCGS0290,M
GCGS0292,M
GCGS0296,M
GCGS0297,M
GCGS0298,M
GCGS0306,M
GCGS0307,M
GCGS0311,M
GCGS0313,M
GCGS0315,M
GCGS0317,M
GCGS0336,M
GCGS0338,M
GCGS0339,M
GCGS0345,M
GCGS0348,M
GCGS0349,M
GCGS0353,M
GCGS0354,M
GCGS0355,M
GCGS0358,M
GCGS0362,M
GCGS0363,M
GCGS0364,M
GCGS0365,M
GCGS0373,M
GCGS0374,M
GCGS0375,M
GCGS0377,M
GCGS0394,M
GCGS0400,M
GCGS0402,M
GCGS0403,M
GCGS0404,M
GCGS0405,M
GCGS0406,M
GCGS0407,M
GCGS0417,M
GCGS0423,M
GCGS0431,M
GCGS0432,M
GCGS0436,M
GCGS0439,M
GCGS0440,M
GCGS0449,M
GCGS0454,M
GCGS0457,M
GCGS0460,M
GCGS0465,M
GCGS0471,M
GCGS0472,M
GCGS0473,M
GCGS0481,M
GCGS0485,M
GCGS0489,M
GCGS0497,M
GCGS0501,M
GCGS0522,M
GCGS0524,M
GCGS0525,M
GCGS0530,M
GCGS0536,M
GCGS0537,M
GCGS0543,M
GCGS0546,M
GCGS0547,M
GCGS0550,M
GCGS0560,M
GCGS0561,M
GCGS0562,M
GCGS0566,M
GCGS0572,M
GCGS0573,M
GCGS0574,M
GCGS0575,M
GCGS0576,M
GCGS0580,M
GCGS0587,M
GCGS0604,M
GCGS0605,M
GCGS0610,M
GCGS0611,M
GCGS0615,M
GCGS0616,M
GCGS0619,M
GCGS0620,M
GCGS0627,M
GCGS0647,M
GCGS0658,M
GCGS0668,M
GCGS0671,M
GCGS0672,M
GCGS0698,M
GCGS0702,M
GCGS0708,M
GCGS0709,M
GCGS0726,M
GCGS0734,M
GCGS0736,M
GCGS0745,M
GCGS0749,M
GCGS0757,M
GCGS0759,M
GCGS0763,M
GCGS0765,M
GCGS0766,M
GCGS0769,M
GCGS0777,M
GCGS0781,M
GCGS0782,M
GCGS0790,M
GCGS0791,M
GCGS0807,M
GCGS0812,M
GCGS0820,M
GCGS0821,M
GCGS0834,M
GCGS0838,M
GCGS0849,M
GCGS0850,M
GCGS0853,M
GCGS0857,M
GCGS0860,M
GCGS0862,M
GCGS0864,M
GCGS0870,M
GCGS0872,M
GCGS0876,M
GCGS0877,M
GCGS0878,M
GCGS0879,M
GCGS0880,M
GCGS0881,M
GCGS0883,M
GCGS0894,M
GCGS0903,M
GCGS0905,M
GCGS0906,M
GCGS0912,M
GCGS0914,M
GCGS0920,M
GCGS0922,M
GCGS0923,M
GCGS0926,M
GCGS0927,M
GCGS0929,M
GCGS0932,M
GCGS0933,M
GCGS0934,M
GCGS0938,M
GCGS0943,M
GCGS0944,M
GCGS0959,M
GCGS0960,M
GCGS0961,M
GCGS0962,M
GCGS0978,M
GCGS0980,M
GCGS0982,M
GCGS0983,M
GCGS0984,M
GCGS0985,M
GCGS0996,M
GCGS0997,M
GCGS0998,M
GCGS1006,M
GCGS1007,M
GCGS1013,M
GCGS1014,M
GCGS1026,M
GCGS1029,M
GCGS1035,M
GCGS1043,M
GCGS1045,M
GCGS1048,M
GCGS1055,M
GCGS1095,M
GCGS1096,M
GCGS1097,M
GCGS1103,M
GCs11K,M
GCs12L,M
GCs13M,M
GCs14N,M
GCs16P,W
GCs18R,W
GCs21U,M
GCs22V,M
GCs24X,W
GCs30D,W
GCs32F,M
GCs33G,M
GCs34H,M
GCs35I,W
GCs45S,M
GCs46T,W
GCs47U,
GCs48V,W
GCs51Y,W
GCs52Z,M
GCs53B,W
GCs54C,W
GCs56E,W
GGG002,
GGG005,
GGG006,
GGG007,
GGG008,
GGG009,
GGG010,
GGG012,
GGG014,
GGG015,
GGG016,
GGG017,
GGG018,
GGG019,
GGG020,
GGG021,
GGG022,
GGG023,
GGG024,
GGG026,
GGG028,
GGG031,
GGG032,
GGG033,
GGG034,
GGG035,
GGG036,
GGG037,
GGG038,
GGG039,
GGG040,
GGG041,
GGG042,
GGG043,
GGG045,
GGG046,
GGG047,
GGG048,
GGG049,
GGG050,
H035,M
HHH001,
HHH002,
HHH003,
HHH004,
HHH005,
HHH006,
HHH008,
HHH009,
HHH010,
HHH011,
HHH012,
HHH013,
HHH014,
HHH015,
HHH016,
HHH017,
HHH018,
HHH020,
HHH021,
HHH022,
HHH023,
HHH024,
HHH025,
HHH026,
HHH027,
HHH028,
HHH029,
HHH030,
HHH031,
HHH032,
HHH033,
HHH034,
HHH035,
HHH036,
HHH037,
HHH038,
HHH039,
HHH040,
HHH041,
HHH042,
HHH043,
HHH044,
HHH045,
HHH046,
JJJ001,
JJJ002,
JJJ003,
JJJ004,
JJJ005,
JJJ006,
JJJ007,
JJJ008,
JJJ009,
JJJ010,
JJJ011,
JJJ012,
JJJ013,
JJJ014,
JJJ015,
JJJ016,
JJJ017,
JJJ018,
JJJ019,
JJJ020,
JJJ021,
JJJ022,
JJJ023,
JJJ024,
JJJ025,
MS11,
NG196,M
NG250,M
NG251,M
NG290,W
Ng_102,
Ng_114,
Ng_118,
Ng_123,
Ng_126,
Ng_128,
Ng_129,
Ng_131,
Ng_133,
Ng_134,
Ng_136,
Ng_140,
Ng_141,
Ng_144,
Ng_148,
Ng_151,
Ng_154,
Ng_162,
Ng_163,
Ng_165,
Ng_171,
Ng_175,
Ng_176,
Ng_180,
Ng_183,
Ng_188,
Ng_25,
Ng_30,
Ng_54,
Ng_74,
Ng_91,
RIVM0610,
RIVM0640,
SE690,W
SRR5827031,
SRR5827032,
SRR5827069,
SRR5827082,
SRR5827122,
SRR5827126,
SRR5827141,
SRR5827169,
SRR5827182,
SRR5827204,
SRR5827228,
SRR5827236,
SRR5827238,
SRR5827260,
SRR5827283,
SRR5827295,
SRR5827301,
SRR5827318,
SRR5827322,
SRR5827342,
SRR5827361,
SRR5827369,
SRR5827373,
SRR5827375,
SRR5827412,
SRR5827413,
SRR8833282,
SRR8833283,
SRR8833284,
SRR8833288,
SRR8833289,
SRR8833290,
SRR8833291,
SRR8833292,
SRR8833294,
SRR8833297,
SRR8992476,
SRR8992477,
SRRSH203,
SRRSH204,
SRRSH205,
SRRSH207,
SRRSH214,
SRRSH229,
SRRSH240,
SS3160,M
TFG-A2,M
TFG-B2,M
TUM15748,M
TUM16691,
UMASS-DGI_1,
UMASS-DGI_10,
UMASS-DGI_11,
UMASS-DGI_14,
UMASS-DGI_18,
UMASS-DGI_19,
UMASS-DGI_2,
UMASS-DGI_20,
UMASS-DGI_21,
UMASS-DGI_24,
UMASS-DGI_25,
UMASS-DGI_26,
UMASS-DGI_27,
UMASS-DGI_29,
UMASS-DGI_3,
UMASS-DGI_33,
UMASS-DGI_34,
UMASS-DGI_36,
UMASS-DGI_37,
UMASS-DGI_38,
UMASS-DGI_4,
UMASS-DGI_40,
UMASS-DGI_41,
UMASS-DGI_42,
UMASS-DGI_43,
UMASS-DGI_44,
UMASS-DGI_45,
UMASS-DGI_46,
UMASS-DGI_48,
UMASS-DGI_49,
UMASS-DGI_5,
UMASS-DGI_50,
UMASS-DGI_51,
UMASS-DGI_52,
UMASS-DGI_53,
UMASS-DGI_54,
UMASS-DGI_55,
UMASS-DGI_56,
UMASS-DGI_57,
UMASS-DGI_58,
UMASS-DGI_59,
UMASS-DGI_60,
UMASS-DGI_61,
UMASS-DGI_62,
UMASS-DGI_63,
UMASS-DGI_64,
UMASS-DGI_65,
UMASS-DGI_66,
UMASS-DGI_67,
UMASS-DGI_68,
UMASS-DGI_69,
UMASS-DGI_70,
UMASS-DGI_8,
UMASS-DGI_9,
101M,
10231,
10239,
10268,
10272,
10296,
102M,
10328,
103MA,
103MB,
10500,
10524,
10529,
10531,
10536,
10537,
10538,
10562,
10574,
10588,
10610,
10638,
10702,
10708,
10723,
10727,
10736,
10743,
10744,
10771,
10791,
10792,
10794,
10795,
1081168,
10814,
10819,
1123850,
112M,
1130991,
1145734,
118M,
11M,
13M,
146M,
154M,
156MA,
156MB,
157M,
15M,
163M,
17966_3#11,MSM
17966_3#12,MSW
17966_3#16,MSM
17966_3#42,MSW
20097D-01,
20181204,
21242_3#14,MSM
21242_3#140,MSMW
21242_3#145,MSM
21242_3#146,MSM
21242_3#147,MSM
21242_3#157,MSM
21242_3#158,MSW
21242_3#16,MSM
21242_3#175,MSM
21242_3#179,MSM
21242_3#23,MSM
21242_3#33,MSM
21242_3#34,MSM
21242_3#4,MSM
21242_3#46,MSM
21242_3#48,MSM
21242_3#52,MSM
21242_3#59,MSM
21242_3#61,MSM
21242_3#73,MSM
21242_4#11,MSM
21242_4#13,MSM
21242_4#27,MSM
21242_4#28,MSM
21242_4#3,MSM
21242_4#31,MSW
21242_4#36,MSM
21242_4#42,MSM
21242_4#44,MSM
21242_4#45,MSM
21242_4#5,MSM
21242_4#62,MSM
21242_4#65,MSM
21242_4#76,MSM
21242_4#77,MSM
21242_4#81,MSM
21242_4#85,MSM
21485_4#18,MSM
21485_4#24,MSM
21485_4#28,MSM
21485_4#38,MSM
24M,
25818_2#167,MSM
25818_2#184,WSM
25818_2#192,MSM
25818_2#217,MSM
25818_2#221,MSM
25818_2#229,MSM
25818_2#236,MSM
25818_2#238,MSM
25818_2#241,MSM
25818_2#270,MSM
25818_2#298,MSM
25818_2#312,
25818_2#39,
25818_2#48,MSM
25818_3#234,MSM
25818_3#250,MSM
25818_3#255,MSM
25818_3#263,MSM
25818_3#293,MSM
25818_3#317,MSM
25818_3#324,MSM
25818_3#332,MSM
25818_3#359,MSM
25818_3#375,MSW
25818_3#379,MSM
25818_3#381,MSM
25825_2#121,MSM
25825_2#127,MSW
25825_2#148,MSM
25825_2#177,MSM
25825_2#35,MSM
25825_2#43,MSM
25825_2#56,MSW
25825_2#57,MSW
25825_2#6,MSM
25825_2#70,MSM
28B,
30M,
31M,
32M,
35M,
3M,
43M,
45M,
46M,
54M,
71M,
78M,
7M,
82M,
9035,
9071,
9112,
9126,
9343,
9399,
9431,
9460,
9464,
94M,
95M,
96MA,
96MB,
97M,
99M,
AT159,
ATCC49226,
AUNG106,MSM
AUNG1065,WSM
AUNG1167,MSM
AUNG1212,MSM
AUNG1233,MSM
AUNG1251,MSM
AUNG1291,MSM
AUNG1359,MSM
AUNG1364,MSM
AUNG1470,MSM
AUNG15,MSM
AUNG1582,MSM
AUNG169,MSM
AUNG1815,MSM
AUNG1826,MSM
AUNG461,MSM
AUNG549,WSM
AUNG966,WSM
AUSMDU00010541,
BJ16148,MSW
CCC001,
CCC002,
CCC003,
CCC004,
CCC005,
CCC006,
CCC007,
CCC008,
CCC009,
CCC010,
CCC011,
CCC012,
CCC013,
CCC014,
CCC015,
CCC016,
CCC017,
CCC018,
CCC019,
CCC020,
CCC021,
CCC022,
CCC023,
CCC024,
CCC025,
CCC026,
CCC027,
CCC028,
CCC029,
CCC030,
CCC031,
CCC032,
CCC033,
CCC034,
CCC035,
CCC036,
CCC037,
CCC038,
CCC039,
CCC040,
CCC041,
CCC042,
CCC043,
CCC044,
CCC045,
CCC046,
CCC047,
CCC048,
CCC049,
CCC050,
CT213,
CT530,
CT532,
CT602,
DDD001,
DDD002,
DDD003,
DDD004,
DDD005,
DDD006,
DDD007,
DDD008,
DDD009,
DDD010,
DDD011,
DDD012,
DDD013,
DDD014,
DDD015,
DDD016,
DDD017,
DDD018,
DDD019,
DDD020,
DDD021,
DDD022,
DDD023,
DDD024,
DDD025,
DDD026,
DDD027,
DDD028,
DDD029,
DDD030,
DDD031,
DDD032,
DDD033,
DDD034,
DDD035,
DDD036,
DDD037,
DDD038,
DDD039,
DDD040,
DDD041,
DDD042,
DDD043,
DDD044,
DDD045,
DDD046,
DDD047,
DDD048,
DDD049,
DDD050,
EEE001,
EEE002,
EEE003,
EEE004,
EEE005,
EEE006,
EEE007,
EEE008,
EEE009,
EEE010,
EEE011,
EEE012,
EEE013,
EEE014,
EEE015,
EEE016,
EEE017,
EEE018,
EEE019,
EEE020,
EEE021,
EEE022,
EEE023,
EEE024,
EEE025,
EEE026,
EEE027,
EEE028,
EEE029,
EEE030,
EEE031,
EEE032,
EEE033,
EEE034,
EEE035,
EEE036,
EEE037,
EEE038,
EEE039,
EEE040,
EEE041,
EEE042,
EEE043,
EEE044,
EEE045,
EEE046,
EEE047,
EEE048,
EEE049,
EEE050,
ERR855085,
ERR855357,
FA1090,
FA19,
FA6140,
FC428,
FDAARGOS_204,
FDAARGOS_205,
FDAARGOS_207,
FFF001,
FFF002,
FFF003,
FFF004,
FFF005,
FFF006,
FFF007,
FFF008,
FFF009,
FFF010,
FFF011,
FFF012,
FFF013,
FFF014,
FFF015,
FFF016,
FFF017,
FFF018,
FFF019,
FFF020,
FFF021,
FFF022,
FFF023,
FFF024,
FFF025,
FFF026,
FFF027,
FFF028,
FFF029,
FFF030,
FFF031,
FFF032,
FFF033,
FFF034,
FFF035,
FFF036,
FFF037,
FFF038,
FFF039,
FFF040,
FFF041,
FFF042,
FFF043,
FFF044,
FFF045,
FFF046,
FFF047,
FFF048,
FFF049,
FFF050,
FQ01,
FQ02,
FQ04,
FQ20,
FQ35,
FQ36,
FQ48,
FQ82,
FQ84,
GCGS0092,MSM
GCGS0099,MSW
GCGS0106,MSW
GCGS0126,MSM
GCGS0138,MSM
GCGS0161,MSM
GCGS0171,MSM
GCGS0173,MSM
GCGS0175,MSMW
GCGS0242,MSM
GCGS0245,MSMW
GCGS0249,MSW
GCGS0251,
GCGS0270,MSW
GCGS0275,MSW
GCGS0276,MSW
GCGS0284,MSW
GCGS0286,
GCGS0290,MSM
GCGS0292,MSW
GCGS0296,MSW
GCGS0297,MSW
GCGS0298,MSM
GCGS0306,MSMW
GCGS0307,MSW
GCGS0311,MSM
GCGS0313,MSW
GCGS0315,MSW
GCGS0317,MSW
GCGS0336,MSW
GCGS0338,MSM
GCGS0339,MSM
GCGS0345,MSW
GCGS0348,MSW
GCGS0349,MSW
GCGS0353,MSW
GCGS0354,MSW
GCGS0355,MSW
GCGS0358,MSMW
GCGS0362,MSW
GCGS0363,MSW
GCGS0364,
GCGS0365,
GCGS0373,MSW
GCGS0374,MSW
GCGS0375,MSW
GCGS0377,MSW
GCGS0394,MSW
GCGS0400,MSM
GCGS0402,MSM
GCGS0403,MSW
GCGS0404,MSM
GCGS0405,MSM
GCGS0406,MSW
GCGS0407,
GCGS0417,MSW
GCGS0423,MSW
GCGS0431,MSW
GCGS0432,MSW
GCGS0436,MSW
GCGS0439,MSW
GCGS0440,MSW
GCGS0449,MSW
GCGS0454,
GCGS0457,MSW
GCGS0460,MSW
GCGS0465,MSW
GCGS0471,MSW
GCGS0472,MSW
GCGS0473,MSMW
GCGS0481,MSW
GCGS0485,MSM
GCGS0489,MSW
GCGS0497,MSW
GCGS0501,MSW
GCGS0522,MSM
GCGS0524,MSW
GCGS0525,MSW
GCGS0530,MSW
GCGS0536,MSW
GCGS0537,MSW
GCGS0543,MSW
GCGS0546,MSW
GCGS0547,MSW
GCGS0550,MSM
GCGS0560,MSM
GCGS0561,MSW
GCGS0562,MSW
GCGS0566,MSW
GCGS0572,MSW
GCGS0573,MSW
GCGS0574,MSM
GCGS0575,MSM
GCGS0576,MSMW
GCGS0580,MSMW
GCGS0587,MSM
GCGS0604,MSW
GCGS0605,MSW
GCGS0610,MSW
GCGS0611,MSM
GCGS0615,MSW
GCGS0616,MSW
GCGS0619,MSM
GCGS0620,MSW
GCGS0627,MSM
GCGS0647,MSW
GCGS0658,MSM
GCGS0668,MSW
GCGS0671,MSMW
GCGS0672,MSMW
GCGS0698,MSM
GCGS0702,MSM
GCGS0708,MSW
GCGS0709,MSMW
GCGS0726,MSW
GCGS0734,MSW
GCGS0736,MSW
GCGS0745,MSW
GCGS0749,MSW
GCGS0757,MSW
GCGS0759,MSW
GCGS0763,MSM
GCGS0765,MSM
GCGS0766,MSW
GCGS0769,MSW
GCGS0777,MSMW
GCGS0781,MSMW
GCGS0782,MSW
GCGS0790,MSMW
GCGS0791,MSM
GCGS0807,MSM
GCGS0812,MSW
GCGS0820,MSM
GCGS0821,MSM
GCGS0834,MSM
GCGS0838,MSW
GCGS0849,MSM
GCGS0850,MSW
GCGS0853,MSM
GCGS0857,MSM
GCGS0860,MSW
GCGS0862,MSM
GCGS0864,MSM
GCGS0870,MSW
GCGS0872,MSW
GCGS0876,MSM
GCGS0877,MSW
GCGS0878,MSM
GCGS0879,MSM
GCGS0880,MSW
GCGS0881,MSM
GCGS0883,MSM
GCGS0894,MSM
GCGS0903,MSM
GCGS0905,MSMW
GCGS0906,MSM
GCGS0912,MSMW
GCGS0914,MSW
GCGS0920,MSW
GCGS0922,MSMW
GCGS0923,MSMW
GCGS0926,MSW
GCGS0927,MSW
GCGS0929,MSM
GCGS0932,MSM
GCGS0933,MSM
GCGS0934,MSW
GCGS0938,MSM
GCGS0943,MSMW
GCGS0944,MSW
GCGS0959,MSM
GCGS0960,MSMW
GCGS0961,MSM
GCGS0962,MSM
GCGS0978,MSM
GCGS0980,MSM
GCGS0982,MSW
GCGS0983,MSM
GCGS0984,MSM
GCGS0985,MSM
GCGS0996,MSW
GCGS0997,MSM
GCGS0998,MSM
GCGS1006,MSM
GCGS1007,MSM
GCGS1013,MSW
GCGS1014,MSW
GCGS1026,MSM
GCGS1029,MSW
GCGS1035,MSW
GCGS1043,MSM
GCGS1045,MSMW
GCGS1048,MSW
GCGS1055,MSW
GCGS1095,MSW
GCGS1096,MSMW
GCGS1097,MSMW
GCGS1103,MSW
GCs11K,
GCs12L,
GCs13M,
GCs14N,
GCs16P,
GCs18R,
GCs21U,
GCs22V,
GCs24X,
GCs30D,
GCs32F,
GCs33G,
GCs34H,
GCs35I,
GCs45S,
GCs46T,
GCs47U,
GCs48V,
GCs51Y,
GCs52Z,
GCs53B,
GCs54C,
GCs56E,
GGG002,
GGG005,
GGG006,
GGG007,
GGG008,
GGG009,
GGG010,
GGG012,
GGG014,
GGG015,
GGG016,
GGG017,
GGG018,
GGG019,
GGG020,
GGG021,
GGG022,
GGG023,
GGG024,
GGG026,
GGG028,
GGG031,
GGG032,
GGG033,
GGG034,
GGG035,
GGG036,
GGG037,
GGG038,
GGG039,
GGG040,
GGG041,
GGG042,
GGG043,
GGG045,
GGG046,
GGG047,
GGG048,
GGG049,
GGG050,
H035,
HHH001,
HHH002,
HHH003,
HHH004,
HHH005,
HHH006,
HHH008,
HHH009,
HHH010,
HHH011,
HHH012,
HHH013,
HHH014,
HHH015,
HHH016,
HHH017,
HHH018,
HHH020,
HHH021,
HHH022,
HHH023,
HHH024,
HHH025,
HHH026,
HHH027,
HHH028,
HHH029,
HHH030,
HHH031,
HHH032,
HHH033,
HHH034,
HHH035,
HHH036,
HHH037,
HHH038,
HHH039,
HHH040,
HHH041,
HHH042,
HHH043,
HHH044,
HHH045,
HHH046,
JJJ001,
JJJ002,
JJJ003,
JJJ004,
JJJ005,
JJJ006,
JJJ007,
JJJ008,
JJJ009,
JJJ010,
JJJ011,
JJJ012,
JJJ013,
JJJ014,
JJJ015,
JJJ016,
JJJ017,
JJJ018,
JJJ019,
JJJ020,
JJJ021,
JJJ022,
JJJ023,
JJJ024,
JJJ025,
MS11,
NG196,
NG250,
NG251,
NG290,
Ng_102,
Ng_114,
Ng_118,
Ng_123,
Ng_126,
Ng_128,
Ng_129,
Ng_131,
Ng_133,
Ng_134,
Ng_136,
Ng_140,
Ng_141,
Ng_144,
Ng_148,
Ng_151,
Ng_154,
Ng_162,
Ng_163,
Ng_165,
Ng_171,
Ng_175,
Ng_176,
Ng_180,
Ng_183,
Ng_188,
Ng_25,
Ng_30,
Ng_54,
Ng_74,
Ng_91,
RIVM0610,
RIVM0640,
SE690,
SRR5827031,
SRR5827032,
SRR5827069,
SRR5827082,
SRR5827122,
SRR5827126,
SRR5827141,
SRR5827169,
SRR5827182,
SRR5827204,
SRR5827228,
SRR5827236,
SRR5827238,
SRR5827260,
SRR5827283,
SRR5827295,
SRR5827301,
SRR5827318,
SRR5827322,
SRR5827342,
SRR5827361,
SRR5827369,
SRR5827373,
SRR5827375,
SRR5827412,
SRR5827413,
SRR8833282,
SRR8833283,
SRR8833284,
SRR8833288,
SRR8833289,
SRR8833290,
SRR8833291,
SRR8833292,
SRR8833294,
SRR8833297,
SRR8992476,
SRR8992477,
SRRSH203,
SRRSH204,
SRRSH205,
SRRSH207,
SRRSH214,
SRRSH229,
SRRSH240,
SS3160,
TFG-A2,MSM
TFG-B2,MSM
TUM15748,
TUM16691,
UMASS-DGI_1,
UMASS-DGI_10,
UMASS-DGI_11,
UMASS-DGI_14,
UMASS-DGI_18,
UMASS-DGI_19,
UMASS-DGI_2,
UMASS-DGI_20,
UMASS-DGI_21,
UMASS-DGI_24,
UMASS-DGI_25,
UMASS-DGI_26,
UMASS-DGI_27,
UMASS-DGI_29,
UMASS-DGI_3,
UMASS-DGI_33,
UMASS-DGI_34,
UMASS-DGI_36,
UMASS-DGI_37,
UMASS-DGI_38,
UMASS-DGI_4,
UMASS-DGI_40,
UMASS-DGI_41,
UMASS-DGI_42,
UMASS-DGI_43,
UMASS-DGI_44,
UMASS-DGI_45,
UMASS-DGI_46,
UMASS-DGI_48,
UMASS-DGI_49,
UMASS-DGI_5,
UMASS-DGI_50,
UMASS-DGI_51,
UMASS-DGI_52,
UMASS-DGI_53,
UMASS-DGI_54,
UMASS-DGI_55,
UMASS-DGI_56,
UMASS-DGI_57,
UMASS-DGI_58,
UMASS-DGI_59,
UMASS-DGI_60,
UMASS-DGI_61,
UMASS-DGI_62,
UMASS-DGI_63,
UMASS-DGI_64,
UMASS-DGI_65,
UMASS-DGI_66,
UMASS-DGI_67,
UMASS-DGI_68,
UMASS-DGI_69,
UMASS-DGI_70,
UMASS-DGI_8,
UMASS-DGI_9,
101M,urethra
10231,urethra
10239,urethra
10268,urethra
10272,urethra
10296,urethra
102M,urethra
10328,urethra
103MA,urethra
103MB,urethra
10500,urethra
10524,urethra
10529,urethra
10531,urethra
10536,urethra
10537,urethra
10538,urethra
10562,urethra
10574,urethra
10588,urethra
10610,urethra
10638,urethra
10702,urethra
10708,urethra
10723,urethra
10727,urethra
10736,urethra
10743,urethra
10744,urethra
10771,urethra
10791,urethra
10792,urethra
10794,urethra
10795,urethra
1081168,urethra
10814,urethra
10819,urethra
1123850,
112M,urethra
1130991,cervix
1145734,urine
118M,urethra
11M,urethra
13M,urethra
146M,urethra
154M,urethra
156MA,urethra
156MB,urethra
157M,urethra
15M,urethra
163M,urethra
17966_3#11,urethra
17966_3#12,urethra
17966_3#16,urethra
17966_3#42,urethra
20097D-01,
20181204,
21242_3#14,urethra
21242_3#140,urethra
21242_3#145,rectum
21242_3#146,pharynx
21242_3#147,pharynx
21242_3#157,urethra
21242_3#158,urethra
21242_3#16,urethra
21242_3#175,urethra
21242_3#179,rectum
21242_3#23,pharynx
21242_3#33,urethra
21242_3#34,urethra
21242_3#4,urethra
21242_3#46,urethra
21242_3#48,urethra
21242_3#52,urethra
21242_3#59,urethra
21242_3#61,rectum
21242_3#73,urethra
21242_4#11,urethra
21242_4#13,urethra
21242_4#27,urethra
21242_4#28,rectum
21242_4#3,urethra
21242_4#31,urethra
21242_4#36,urethra
21242_4#42,urethra
21242_4#44,urethra
21242_4#45,rectum
21242_4#5,urethra
21242_4#62,urethra
21242_4#65,urethra
21242_4#76,urethra
21242_4#77,rectum
21242_4#81,pharynx
21242_4#85,urethra
21485_4#18,rectum
21485_4#24,urethra
21485_4#28,urethra
21485_4#38,urethra
24M,urethra
25818_2#167,urethra
25818_2#184,cervix
25818_2#192,urethra
25818_2#217,urethra
25818_2#221,urethra
25818_2#229,urethra
25818_2#236,urethra
25818_2#238,urethra
25818_2#241,rectum
25818_2#270,urethra
25818_2#298,urethra
25818_2#312,
25818_2#39,
25818_2#48,urethra
25818_3#234,urethra
25818_3#250,urethra
25818_3#255,urethra
25818_3#263,rectum
25818_3#293,urethra
25818_3#317,urethra
25818_3#324,rectum
25818_3#332,urethra
25818_3#359,urethra
25818_3#375,urethra
25818_3#379,urethra
25818_3#381,rectum
25825_2#121,urethra
25825_2#127,urethra
25825_2#148,urethra
25825_2#177,urethra
25825_2#35,urethra
25825_2#43,urethra
25825_2#56,urethra
25825_2#57,urethra
25825_2#6,urethra
25825_2#70,urethra
28B,
30M,urethra
31M,urethra
32M,urethra
35M,urethra
3M,urethra
43M,urethra
45M,urethra
46M,urethra
54M,urethra
71M,urethra
78M,urethra
7M,urethra
82M,urethra
9035,urethra
9071,urethra
9112,urethra
9126,urethra
9343,urethra
9399,urethra
9431,urethra
9460,urethra
9464,urethra
94M,urethra
95M,urethra
96MA,urethra
96MB,urethra
97M,urethra
99M,urethra
AT159,urethra
ATCC49226,
AUNG106,rectum
AUNG1065,cervix
AUNG1167,urethra
AUNG1212,rectum
AUNG1233,rectum
AUNG1251,pharynx
AUNG1291,rectum
AUNG1359,urethra
AUNG1364,urethra
AUNG1470,urethra
AUNG15,urethra
AUNG1582,urethra
AUNG169,rectum
AUNG1815,pharynx
AUNG1826,urethra
AUNG461,urethra
AUNG549,cervix
AUNG966,rectum
AUSMDU00010541,
BJ16148,urethra
CCC001,urogenital
CCC002,urethra
CCC003,urethra
CCC004,urethra
CCC005,urethra
CCC006,urethra
CCC007,urethra
CCC008,urethra
CCC009,urethra
CCC010,pharynx
CCC011,urethra
CCC012,rectum
CCC013,rectum
CCC014,rectum
CCC015,rectum
CCC016,pharynx
CCC017,rectum
CCC018,urethra
CCC019,rectum
CCC020,pharynx
CCC021,urethra
CCC022,urethra
CCC023,rectum
CCC024,urogenital
CCC025,urethra
CCC026,urethra
CCC027,urethra
CCC028,urethra
CCC029,urethra
CCC030,rectum
CCC031,urogenital
CCC032,urogenital
CCC033,rectum
CCC034,urethra
CCC035,urogenital
CCC036,urethra
CCC037,urethra
CCC038,urethra
CCC039,urethra
CCC040,rectum
CCC041,urethra
CCC042,urethra
CCC043,urethra
CCC044,urethra
CCC045,urethra
CCC046,urethra
CCC047,urethra
CCC048,rectum
CCC049,rectum
CCC050,rectum
CT213,urethra
CT530,urethra
CT532,urethra
CT602,urethra
DDD001,rectum
DDD002,urethra
DDD003,urethra
DDD004,urethra
DDD005,rectum
DDD006,urogenital
DDD007,urogenital
DDD008,rectum
DDD009,urethra
DDD010,urethra
DDD011,urethra
DDD012,urethra
DDD013,urethra
DDD014,urethra
DDD015,urethra
DDD016,urethra
DDD017,urethra
DDD018,urethra
DDD019,urethra
DDD020,urethra
DDD021,urethra
DDD022,urethra
DDD023,urethra
DDD024,urethra
DDD025,urethra
DDD026,pharynx
DDD027,rectum
DDD028,urethra
DDD029,urethra
DDD030,urethra
DDD031,rectum
DDD032,urethra
DDD033,pharynx
DDD034,pharynx
DDD035,urethra
DDD036,urethra
DDD037,urethra
DDD038,urethra
DDD039,urethra
DDD040,urethra
DDD041,urethra
DDD042,urethra
DDD043,urethra
DDD044,urethra
DDD045,urethra
DDD046,pharynx
DDD047,urethra
DDD048,urethra
DDD049,urethra
DDD050,urethra
EEE001,pharynx
EEE002,urethra
EEE003,urethra
EEE004,urethra
EEE005,urethra
EEE006,urethra
EEE007,rectum
EEE008,urethra
EEE009,urethra
EEE010,urethra
EEE011,urethra
EEE012,urethra
EEE013,urethra
EEE014,rectum
EEE015,cervix
EEE016,cervix
EEE017,cervix
EEE018,cervix
EEE019,cervix
EEE020,cervix
EEE021,cervix
EEE022,cervix
EEE023,cervix
EEE024,urethra
EEE025,cervix
EEE026,cervix
EEE027,cervix
EEE028,cervix
EEE029,cervix
EEE030,cervix
EEE031,cervix
EEE032,urethra
EEE033,cervix
EEE034,cervix
EEE035,cervix
EEE036,cervix
EEE037,cervix
EEE038,urethra
EEE039,urethra
EEE040,urethra
EEE041,urethra
EEE042,urethra
EEE043,pharynx
EEE044,cervix
EEE045,urethra
EEE046,urethra
EEE047,rectum
EEE048,urethra
EEE049,cervix
EEE050,urethra
ERR855085,
ERR855357,
FA1090,
FA19,
FA6140,
FC428,
FDAARGOS_204,cervix
FDAARGOS_205,
FDAARGOS_207,
FFF001,urethra
FFF002,urethra
FFF003,urethra
FFF004,rectum
FFF005,rectum
FFF006,urethra
FFF007,urethra
FFF008,urethra
FFF009,rectum
FFF010,urethra
FFF011,urethra
FFF012,urethra
FFF013,urethra
FFF014,urethra
FFF015,urethra
FFF016,pharynx
FFF017,urethra
FFF018,urethra
FFF019,urethra
FFF020,urethra
FFF021,urethra
FFF022,cervix
FFF023,urethra
FFF024,rectum
FFF025,cervix
FFF026,rectum
FFF027,rectum
FFF028,urethra
FFF029,urethra
FFF030,urethra
FFF031,urethra
FFF032,urethra
FFF033,urethra
FFF034,cervix
FFF035,urethra
FFF036,urethra
FFF037,urethra
FFF038,urethra
FFF039,urethra
FFF040,urethra
FFF041,urethra
FFF042,urethra
FFF043,urethra
FFF044,cervix
FFF045,urethra
FFF046,cervix
FFF047,rectum
FFF048,rectum
FFF049,urethra
FFF050,urethra
FQ01,pharynx
FQ02,rectum
FQ04,rectum
FQ20,urethra
FQ35,urethra
FQ36,urethra
FQ48,urethra
FQ82,rectum
FQ84,pharynx
GCGS0092,urethra
GCGS0099,urethra
GCGS0106,urethra
GCGS0126,urethra
GCGS0138,urethra
GCGS0161,urethra
GCGS0171,urethra
GCGS0173,urethra
GCGS0175,urethra
GCGS0242,urethra
GCGS0245,urethra
GCGS0249,urethra
GCGS0251,urethra
GCGS0270,urethra
GCGS0275,urethra
GCGS0276,urethra
GCGS0284,urethra
GCGS0286,urethra
GCGS0290,urethra
GCGS0292,urethra
GCGS0296,urethra
GCGS0297,urethra
GCGS0298,urethra
GCGS0306,urethra
GCGS0307,urethra
GCGS0311,urethra
GCGS0313,urethra
GCGS0315,urethra
GCGS0317,urethra
GCGS0336,urethra
GCGS0338,urethra
GCGS0339,urethra
GCGS0345,urethra
GCGS0348,urethra
GCGS0349,urethra
GCGS0353,urethra
GCGS0354,urethra
GCGS0355,urethra
GCGS0358,urethra
GCGS0362,urethra
GCGS0363,urethra
GCGS0364,urethra
GCGS0365,urethra
GCGS0373,urethra
GCGS0374,urethra
GCGS0375,urethra
GCGS0377,urethra
GCGS0394,urethra
GCGS0400,urethra
GCGS0402,urethra
GCGS0403,urethra
GCGS0404,urethra
GCGS0405,urethra
GCGS0406,urethra
GCGS0407,urethra
GCGS0417,urethra
GCGS0423,urethra
GCGS0431,urethra
GCGS0432,urethra
GCGS0436,urethra
GCGS0439,urethra
GCGS0440,urethra
GCGS0449,urethra
GCGS0454,urethra
GCGS0457,urethra
GCGS0460,urethra
GCGS0465,urethra
GCGS0471,urethra
GCGS0472,urethra
GCGS0473,urethra
GCGS0481,urethra
GCGS0485,urethra
GCGS0489,urethra
GCGS0497,urethra
GCGS0501,urethra
GCGS0522,urethra
GCGS0524,urethra
GCGS0525,urethra
GCGS0530,urethra
GCGS0536,urethra
GCGS0537,urethra
GCGS0543,urethra
GCGS0546,urethra
GCGS0547,urethra
GCGS0550,urethra
GCGS0560,urethra
GCGS0561,urethra
GCGS0562,urethra
GCGS0566,urethra
GCGS0572,urethra
GCGS0573,urethra
GCGS0574,urethra
GCGS0575,urethra
GCGS0576,urethra
GCGS0580,urethra
GCGS0587,urethra
GCGS0604,urethra
GCGS0605,urethra
GCGS0610,urethra
GCGS0611,urethra
GCGS0615,urethra
GCGS0616,urethra
GCGS0619,urethra
GCGS0620,urethra
GCGS0627,urethra
GCGS0647,urethra
GCGS0658,urethra
GCGS0668,urethra
GCGS0671,urethra
GCGS0672,urethra
GCGS0698,urethra
GCGS0702,urethra
GCGS0708,urethra
GCGS0709,urethra
GCGS0726,urethra
GCGS0734,urethra
GCGS0736,urethra
GCGS0745,urethra
GCGS0749,urethra
GCGS0757,urethra
GCGS0759,urethra
GCGS0763,urethra
GCGS0765,urethra
GCGS0766,urethra
GCGS0769,urethra
GCGS0777,urethra
GCGS0781,urethra
GCGS0782,urethra
GCGS0790,urethra
GCGS0791,urethra
GCGS0807,urethra
GCGS0812,urethra
GCGS0820,urethra
GCGS0821,urethra
GCGS0834,urethra
GCGS0838,urethra
GCGS0849,urethra
GCGS0850,urethra
GCGS0853,urethra
GCGS0857,urethra
GCGS0860,urethra
GCGS0862,urethra
GCGS0864,urethra
GCGS0870,urethra
GCGS0872,urethra
GCGS0876,urethra
GCGS0877,urethra
GCGS0878,urethra
GCGS0879,urethra
GCGS0880,urethra
GCGS0881,urethra
GCGS0883,urethra
GCGS0894,urethra
GCGS0903,urethra
GCGS0905,urethra
GCGS0906,urethra
GCGS0912,urethra
GCGS0914,urethra
GCGS0920,urethra
GCGS0922,urethra
GCGS0923,urethra
GCGS0926,urethra
GCGS0927,urethra
GCGS0929,urethra
GCGS0932,urethra
GCGS0933,urethra
GCGS0934,urethra
GCGS0938,urethra
GCGS0943,urethra
GCGS0944,urethra
GCGS0959,urethra
GCGS0960,urethra
GCGS0961,urethra
GCGS0962,urethra
GCGS0978,urethra
GCGS0980,urethra
GCGS0982,urethra
GCGS0983,urethra
GCGS0984,urethra
GCGS0985,urethra
GCGS0996,urethra
GCGS0997,urethra
GCGS0998,urethra
GCGS1006,urethra
GCGS1007,urethra
GCGS1013,urethra
GCGS1014,urethra
GCGS1026,urethra
GCGS1029,urethra
GCGS1035,urethra
GCGS1043,urethra
GCGS1045,urethra
GCGS1048,urethra
GCGS1055,urethra
GCGS1095,urethra
GCGS1096,urethra
GCGS1097,urethra
GCGS1103,urethra
GCs11K,
GCs12L,
GCs13M,
GCs14N,
GCs16P,
GCs18R,
GCs21U,
GCs22V,
GCs24X,
GCs30D,
GCs32F,
GCs33G,
GCs34H,
GCs35I,
GCs45S,
GCs46T,
GCs47U,
GCs48V,
GCs51Y,
GCs52Z,
GCs53B,
GCs54C,
GCs56E,
GGG002,urethra
GGG005,urethra
GGG006,urethra
GGG007,urethra
GGG008,urethra
GGG009,urethra
GGG010,urethra
GGG012,urethra
GGG014,urethra
GGG015,urethra
GGG016,urethra
GGG017,urethra
GGG018,urethra
GGG019,urethra
GGG020,urethra
GGG021,urethra
GGG022,urethra
GGG023,urethra
GGG024,urethra
GGG026,urethra
GGG028,urethra
GGG031,urethra
GGG032,urethra
GGG033,urethra
GGG034,urethra
GGG035,urethra
GGG036,urethra
GGG037,urethra
GGG038,urethra
GGG039,urethra
GGG040,urethra
GGG041,urethra
GGG042,urethra
GGG043,urethra
GGG045,urethra
GGG046,urethra
GGG047,urethra
GGG048,urethra
GGG049,urethra
GGG050,urethra
H035,urethra
HHH001,urethra
HHH002,urethra
HHH003,urethra
HHH004,urethra
HHH005,urethra
HHH006,urethra
HHH008,urethra
HHH009,urethra
HHH010,urethra
HHH011,urethra
HHH012,urethra
HHH013,urethra
HHH014,urethra
HHH015,urethra
HHH016,urethra
HHH017,urethra
HHH018,urethra
HHH020,urethra
HHH021,urethra
HHH022,urethra
HHH023,urethra
HHH024,urethra
HHH025,urethra
HHH026,urethra
HHH027,urethra
HHH028,urethra
HHH029,urethra
HHH030,urethra
HHH031,urethra
HHH032,urethra
HHH033,urethra
HHH034,urethra
HHH035,urethra
HHH036,urethra
HHH037,urethra
HHH038,urethra
HHH039,urethra
HHH040,urethra
HHH041,urethra
HHH042,urethra
HHH043,urethra
HHH044,urethra
HHH045,urethra
HHH046,urethra
JJJ001,urethra
JJJ002,urethra
JJJ003,urethra
JJJ004,urethra
JJJ005,urethra
JJJ006,urethra
JJJ007,urethra
JJJ008,urethra
JJJ009,urethra
JJJ010,cervix
JJJ011,urethra
JJJ012,urethra
JJJ013,urethra
JJJ014,urethra
JJJ015,urethra
JJJ016,urethra
JJJ017,urethra
JJJ018,urethra
JJJ019,urethra
JJJ020,urethra
JJJ021,urine
JJJ022,cervix
JJJ023,cervix
JJJ024,cervix
JJJ025,urine
MS11,
NG196,urethra
NG250,urethra
NG251,urethra
NG290,cervix
Ng_102,urethra
Ng_114,urethra
Ng_118,urethra
Ng_123,urethra
Ng_126,urethra
Ng_128,urethra
Ng_129,urethra
Ng_131,urethra
Ng_133,urethra
Ng_134,urethra
Ng_136,urethra
Ng_140,urethra
Ng_141,urethra
Ng_144,urethra
Ng_148,urethra
Ng_151,urethra
Ng_154,urethra
Ng_162,urethra
Ng_163,urethra
Ng_165,urethra
Ng_171,urethra
Ng_175,urethra
Ng_176,urethra
Ng_180,urethra
Ng_183,urethra
Ng_188,urethra
Ng_25,urethra
Ng_30,urethra
Ng_54,urethra
Ng_74,urethra
Ng_91,urethra
RIVM0610,
RIVM0640,
SE690,urethra
SRR5827031,urethra
SRR5827032,urethra
SRR5827069,urethra
SRR5827082,urethra
SRR5827122,rectum
SRR5827126,urethra
SRR5827141,urethra
SRR5827169,urethra
SRR5827182,rectum
SRR5827204,urethra
SRR5827228,urethra
SRR5827236,cervix
SRR5827238,cervix
SRR5827260,urethra
SRR5827283,urethra
SRR5827295,rectum
SRR5827301,rectum
SRR5827318,cervix
SRR5827322,cervix
SRR5827342,urethra
SRR5827361,urethra
SRR5827369,urethra
SRR5827373,cervix
SRR5827375,urethra
SRR5827412,urethra
SRR5827413,urethra
SRR8833282,
SRR8833283,
SRR8833284,
SRR8833288,
SRR8833289,
SRR8833290,
SRR8833291,
SRR8833292,
SRR8833294,
SRR8833297,
SRR8992476,
SRR8992477,
SRRSH203,urine
SRRSH204,urine
SRRSH205,urine
SRRSH207,urine
SRRSH214,urine
SRRSH229,urine
SRRSH240,urine
SS3160,urine
TFG-A2,pharynx
TFG-B2,pharynx
TUM15748,urine
TUM16691,
UMASS-DGI_1,
UMASS-DGI_10,
UMASS-DGI_11,
UMASS-DGI_14,
UMASS-DGI_18,
UMASS-DGI_19,
UMASS-DGI_2,
UMASS-DGI_20,
UMASS-DGI_21,
UMASS-DGI_24,
UMASS-DGI_25,
UMASS-DGI_26,
UMASS-DGI_27,
UMASS-DGI_29,
UMASS-DGI_3,
UMASS-DGI_33,
UMASS-DGI_34,
UMASS-DGI_36,
UMASS-DGI_37,
UMASS-DGI_38,
UMASS-DGI_4,
UMASS-DGI_40,
UMASS-DGI_41,
UMASS-DGI_42,
UMASS-DGI_43,
UMASS-DGI_44,
UMASS-DGI_45,
UMASS-DGI_46,
UMASS-DGI_48,
UMASS-DGI_49,
UMASS-DGI_5,
UMASS-DGI_50,
UMASS-DGI_51,
UMASS-DGI_52,
UMASS-DGI_53,
UMASS-DGI_54,
UMASS-DGI_55,
UMASS-DGI_56,
UMASS-DGI_57,
UMASS-DGI_58,
UMASS-DGI_59,
UMASS-DGI_60,
UMASS-DGI_61,
UMASS-DGI_62,
UMASS-DGI_63,
UMASS-DGI_64,
UMASS-DGI_65,
UMASS-DGI_66,
UMASS-DGI_67,
UMASS-DGI_68,
UMASS-DGI_69,
UMASS-DGI_70,
UMASS-DGI_8,
UMASS-DGI_9,
101M,draft
10231,hybrid
10239,hybrid
10268,hybrid
10272,hybrid
10296,hybrid
102M,draft
10328,hybrid
103MA,draft
103MB,draft
10500,hybrid
10524,hybrid
10529,hybrid
10531,hybrid
10536,hybrid
10537,hybrid
10538,hybrid
10562,hybrid
10574,hybrid
10588,hybrid
10610,hybrid
10638,hybrid
10702,hybrid
10708,hybrid
10723,hybrid
10727,hybrid
10736,hybrid
10743,hybrid
10744,hybrid
10771,hybrid
10791,hybrid
10792,hybrid
10794,hybrid
10795,hybrid
1081168,hybrid
10814,hybrid
10819,hybrid
1123850,hybrid
112M,draft
1130991,hybrid
1145734,hybrid
118M,draft
11M,draft
13M,draft
146M,draft
154M,draft
156MA,draft
156MB,draft
157M,draft
15M,draft
163M,draft
17966_3#11,draft
17966_3#12,draft
17966_3#16,draft
17966_3#42,draft
20097D-01,draft
20181204,hybrid
21242_3#14,draft
21242_3#140,draft
21242_3#145,draft
21242_3#146,draft
21242_3#147,draft
21242_3#157,draft
21242_3#158,draft
21242_3#16,draft
21242_3#175,draft
21242_3#179,draft
21242_3#23,draft
21242_3#33,draft
21242_3#34,draft
21242_3#4,draft
21242_3#46,draft
21242_3#48,draft
21242_3#52,draft
21242_3#59,draft
21242_3#61,draft
21242_3#73,draft
21242_4#11,draft
21242_4#13,draft
21242_4#27,draft
21242_4#28,draft
21242_4#3,draft
21242_4#31,draft
21242_4#36,draft
21242_4#42,draft
21242_4#44,draft
21242_4#45,draft
21242_4#5,draft
21242_4#62,draft
21242_4#65,draft
21242_4#76,draft
21242_4#77,draft
21242_4#81,draft
21242_4#85,draft
21485_4#18,draft
21485_4#24,draft
21485_4#28,draft
21485_4#38,draft
24M,draft
25818_2#167,draft
25818_2#184,draft
25818_2#192,draft
25818_2#217,draft
25818_2#221,draft
25818_2#229,draft
25818_2#236,draft
25818_2#238,draft
25818_2#241,draft
25818_2#270,draft
25818_2#298,draft
25818_2#312,draft
25818_2#39,draft
25818_2#48,draft
25818_3#234,nanopore_only
25818_3#250,draft
25818_3#255,draft
25818_3#263,draft
25818_3#293,draft
25818_3#317,draft
25818_3#324,draft
25818_3#332,draft
25818_3#359,draft
25818_3#375,draft
25818_3#379,draft
25818_3#381,draft
25825_2#121,draft
25825_2#127,draft
25825_2#148,draft
25825_2#177,draft
25825_2#35,draft
25825_2#43,draft
25825_2#56,draft
25825_2#57,draft
25825_2#6,draft
25825_2#70,draft
28B,draft
30M,draft
31M,draft
32M,draft
35M,draft
3M,draft
43M,draft
45M,draft
46M,draft
54M,draft
71M,draft
78M,draft
7M,draft
82M,draft
9035,hybrid
9071,hybrid
9112,hybrid
9126,hybrid
9343,hybrid
9399,hybrid
9431,hybrid
9460,hybrid
9464,hybrid
94M,draft
95M,draft
96MA,draft
96MB,nanopore_only
97M,draft
99M,draft
AT159,hybrid
ATCC49226,hybrid
AUNG106,draft
AUNG1065,draft
AUNG1167,draft
AUNG1212,draft
AUNG1233,draft
AUNG1251,draft
AUNG1291,draft
AUNG1359,draft
AUNG1364,draft
AUNG1470,draft
AUNG15,draft
AUNG1582,draft
AUNG169,draft
AUNG1815,draft
AUNG1826,draft
AUNG461,draft
AUNG549,draft
AUNG966,draft
AUSMDU00010541,hybrid
BJ16148,hybrid
CCC001,draft
CCC002,draft
CCC003,draft
CCC004,draft
CCC005,draft
CCC006,draft
CCC007,draft
CCC008,draft
CCC009,draft
CCC010,draft
CCC011,draft
CCC012,draft
CCC013,draft
CCC014,draft
CCC015,draft
CCC016,draft
CCC017,draft
CCC018,draft
CCC019,draft
CCC020,draft
CCC021,draft
CCC022,draft
CCC023,draft
CCC024,draft
CCC025,draft
CCC026,draft
CCC027,draft
CCC028,draft
CCC029,draft
CCC030,draft
CCC031,draft
CCC032,draft
CCC033,draft
CCC034,draft
CCC035,draft
CCC036,draft
CCC037,draft
CCC038,draft
CCC039,draft
CCC040,draft
CCC041,draft
CCC042,draft
CCC043,draft
CCC044,draft
CCC045,draft
CCC046,draft
CCC047,draft
CCC048,draft
CCC049,draft
CCC050,draft
CT213,hybrid
CT530,hybrid
CT532,hybrid
CT602,hybrid
DDD001,draft
DDD002,draft
DDD003,draft
DDD004,draft
DDD005,draft
DDD006,draft
DDD007,draft
DDD008,draft
DDD009,draft
DDD010,draft
DDD011,draft
DDD012,draft
DDD013,draft
DDD014,draft
DDD015,draft
DDD016,draft
DDD017,draft
DDD018,draft
DDD019,draft
DDD020,draft
DDD021,draft
DDD022,draft
DDD023,draft
DDD024,draft
DDD025,draft
DDD026,draft
DDD027,nanopore_only
DDD028,draft
DDD029,draft
DDD030,draft
DDD031,nanopore_only
DDD032,draft
DDD033,draft
DDD034,draft
DDD035,draft
DDD036,draft
DDD037,draft
DDD038,nanopore_only
DDD039,draft
DDD040,draft
DDD041,draft
DDD042,draft
DDD043,draft
DDD044,draft
DDD045,draft
DDD046,nanopore_only
DDD047,draft
DDD048,draft
DDD049,draft
DDD050,draft
EEE001,draft
EEE002,draft
EEE003,draft
EEE004,nanopore_only
EEE005,draft
EEE006,draft
EEE007,draft
EEE008,draft
EEE009,draft
EEE010,draft
EEE011,draft
EEE012,draft
EEE013,nanopore_only
EEE014,draft
EEE015,draft
EEE016,draft
EEE017,draft
EEE018,nanopore_only
EEE019,draft
EEE020,nanopore_only
EEE021,draft
EEE022,draft
EEE023,draft
EEE024,draft
EEE025,draft
EEE026,draft
EEE027,draft
EEE028,draft
EEE029,draft
EEE030,draft
EEE031,draft
EEE032,draft
EEE033,draft
EEE034,draft
EEE035,draft
EEE036,draft
EEE037,draft
EEE038,draft
EEE039,draft
EEE040,draft
EEE041,draft
EEE042,draft
EEE043,draft
EEE044,draft
EEE045,draft
EEE046,draft
EEE047,draft
EEE048,draft
EEE049,draft
EEE050,draft
ERR855085,draft
ERR855357,draft
FA1090,draft
FA19,draft
FA6140,nanopore_only
FC428,nanopore_only
FDAARGOS_204,hybrid
FDAARGOS_205,hybrid
FDAARGOS_207,hybrid
FFF001,draft
FFF002,draft
FFF003,draft
FFF004,draft
FFF005,draft
FFF006,draft
FFF007,nanopore_only
FFF008,draft
FFF009,draft
FFF010,draft
FFF011,draft
FFF012,nanopore_only
FFF013,draft
FFF014,draft
FFF015,draft
FFF016,draft
FFF017,nanopore_only
FFF018,draft
FFF019,draft
FFF020,draft
FFF021,draft
FFF022,draft
FFF023,draft
FFF024,nanopore_only
FFF025,draft
FFF026,draft
FFF027,draft
FFF028,draft
FFF029,draft
FFF030,draft
FFF031,draft
FFF032,draft
FFF033,draft
FFF034,draft
FFF035,draft
FFF036,draft
FFF037,draft
FFF038,nanopore_only
FFF039,draft
FFF040,draft
FFF041,draft
FFF042,draft
FFF043,draft
FFF044,draft
FFF045,draft
FFF046,draft
FFF047,draft
FFF048,draft
FFF049,draft
FFF050,draft
FQ01,hybrid
FQ02,hybrid
FQ04,hybrid
FQ20,hybrid
FQ35,hybrid
FQ36,hybrid
FQ48,hybrid
FQ82,hybrid
FQ84,hybrid
GCGS0092,draft
GCGS0099,draft
GCGS0106,draft
GCGS0126,draft
GCGS0138,draft
GCGS0161,draft
GCGS0171,draft
GCGS0173,draft
GCGS0175,draft
GCGS0242,draft
GCGS0245,nanopore_only
GCGS0249,draft
GCGS0251,draft
GCGS0270,draft
GCGS0275,draft
GCGS0276,nanopore_only
GCGS0284,draft
GCGS0286,draft
GCGS0290,draft
GCGS0292,draft
GCGS0296,draft
GCGS0297,draft
GCGS0298,draft
GCGS0306,nanopore_only
GCGS0307,draft
GCGS0311,draft
GCGS0313,nanopore_only
GCGS0315,draft
GCGS0317,draft
GCGS0336,draft
GCGS0338,draft
GCGS0339,nanopore_only
GCGS0345,draft
GCGS0348,draft
GCGS0349,draft
GCGS0353,draft
GCGS0354,draft
GCGS0355,draft
GCGS0358,draft
GCGS0362,draft
GCGS0363,draft
GCGS0364,draft
GCGS0365,draft
GCGS0373,draft
GCGS0374,draft
GCGS0375,draft
GCGS0377,draft
GCGS0394,draft
GCGS0400,draft
GCGS0402,draft
GCGS0403,draft
GCGS0404,draft
GCGS0405,draft
GCGS0406,draft
GCGS0407,draft
GCGS0417,draft
GCGS0423,nanopore_only
GCGS0431,draft
GCGS0432,draft
GCGS0436,draft
GCGS0439,draft
GCGS0440,draft
GCGS0449,draft
GCGS0454,draft
GCGS0457,nanopore_only
GCGS0460,draft
GCGS0465,draft
GCGS0471,draft
GCGS0472,draft
GCGS0473,draft
GCGS0481,draft
GCGS0485,draft
GCGS0489,draft
GCGS0497,draft
GCGS0501,draft
GCGS0522,draft
GCGS0524,draft
GCGS0525,draft
GCGS0530,draft
GCGS0536,draft
GCGS0537,draft
GCGS0543,draft
GCGS0546,draft
GCGS0547,draft
GCGS0550,draft
GCGS0560,draft
GCGS0561,draft
GCGS0562,draft
GCGS0566,draft
GCGS0572,draft
GCGS0573,draft
GCGS0574,draft
GCGS0575,draft
GCGS0576,draft
GCGS0580,draft
GCGS0587,draft
GCGS0604,draft
GCGS0605,draft
GCGS0610,draft
GCGS0611,draft
GCGS0615,draft
GCGS0616,draft
GCGS0619,draft
GCGS0620,draft
GCGS0627,draft
GCGS0647,draft
GCGS0658,draft
GCGS0668,draft
GCGS0671,draft
GCGS0672,draft
GCGS0698,draft
GCGS0702,draft
GCGS0708,draft
GCGS0709,draft
GCGS0726,draft
GCGS0734,draft
GCGS0736,draft
GCGS0745,draft
GCGS0749,draft
GCGS0757,draft
GCGS0759,draft
GCGS0763,draft
GCGS0765,draft
GCGS0766,draft
GCGS0769,nanopore_only
GCGS0777,draft
GCGS0781,draft
GCGS0782,draft
GCGS0790,draft
GCGS0791,draft
GCGS0807,draft
GCGS0812,draft
GCGS0820,draft
GCGS0821,draft
GCGS0834,nanopore_only
GCGS0838,draft
GCGS0849,draft
GCGS0850,draft
GCGS0853,draft
GCGS0857,draft
GCGS0860,draft
GCGS0862,draft
GCGS0864,nanopore_only
GCGS0870,draft
GCGS0872,draft
GCGS0876,draft
GCGS0877,draft
GCGS0878,draft
GCGS0879,draft
GCGS0880,draft
GCGS0881,draft
GCGS0883,draft
GCGS0894,draft
GCGS0903,draft
GCGS0905,draft
GCGS0906,draft
GCGS0912,draft
GCGS0914,draft
GCGS0920,draft
GCGS0922,draft
GCGS0923,draft
GCGS0926,draft
GCGS0927,draft
GCGS0929,draft
GCGS0932,draft
GCGS0933,draft
GCGS0934,draft
GCGS0938,draft
GCGS0943,draft
GCGS0944,draft
GCGS0959,draft
GCGS0960,draft
GCGS0961,draft
GCGS0962,draft
GCGS0978,draft
GCGS0980,draft
GCGS0982,draft
GCGS0983,draft
GCGS0984,draft
GCGS0985,draft
GCGS0996,draft
GCGS0997,draft
GCGS0998,draft
GCGS1006,draft
GCGS1007,draft
GCGS1013,nanopore_only
GCGS1014,nanopore_only
GCGS1026,draft
GCGS1029,draft
GCGS1035,draft
GCGS1043,draft
GCGS1045,draft
GCGS1048,draft
GCGS1055,draft
GCGS1095,nanopore_only
GCGS1096,draft
GCGS1097,draft
GCGS1103,draft
GCs11K,draft
GCs12L,draft
GCs13M,draft
GCs14N,draft
GCs16P,draft
GCs18R,draft
GCs21U,draft
GCs22V,draft
GCs24X,draft
GCs30D,draft
GCs32F,draft
GCs33G,draft
GCs34H,draft
GCs35I,draft
GCs45S,draft
GCs46T,draft
GCs47U,draft
GCs48V,draft
GCs51Y,draft
GCs52Z,draft
GCs53B,draft
GCs54C,draft
GCs56E,draft
GGG002,draft
GGG005,draft
GGG006,draft
GGG007,draft
GGG008,draft
GGG009,draft
GGG010,draft
GGG012,draft
GGG014,draft
GGG015,draft
GGG016,draft
GGG017,draft
GGG018,draft
GGG019,draft
GGG020,draft
GGG021,draft
GGG022,nanopore_only
GGG023,draft
GGG024,draft
GGG026,draft
GGG028,draft
GGG031,nanopore_only
GGG032,draft
GGG033,draft
GGG034,draft
GGG035,draft
GGG036,draft
GGG037,draft
GGG038,draft
GGG039,draft
GGG040,draft
GGG041,draft
GGG042,draft
GGG043,draft
GGG045,draft
GGG046,draft
GGG047,draft
GGG048,draft
GGG049,draft
GGG050,draft
H035,hybrid
HHH001,draft
HHH002,draft
HHH003,draft
HHH004,draft
HHH005,draft
HHH006,draft
HHH008,draft
HHH009,draft
HHH010,draft
HHH011,draft
HHH012,draft
HHH013,draft
HHH014,draft
HHH015,draft
HHH016,draft
HHH017,draft
HHH018,draft
HHH020,draft
HHH021,draft
HHH022,draft
HHH023,nanopore_only
HHH024,draft
HHH025,draft
HHH026,draft
HHH027,draft
HHH028,draft
HHH029,draft
HHH030,nanopore_only
HHH031,draft
HHH032,draft
HHH033,draft
HHH034,draft
HHH035,draft
HHH036,draft
HHH037,draft
HHH038,draft
HHH039,draft
HHH040,draft
HHH041,draft
HHH042,nanopore_only
HHH043,draft
HHH044,draft
HHH045,draft
HHH046,draft
JJJ001,draft
JJJ002,draft
JJJ003,draft
JJJ004,draft
JJJ005,draft
JJJ006,draft
JJJ007,draft
JJJ008,draft
JJJ009,draft
JJJ010,draft
JJJ011,draft
JJJ012,draft
JJJ013,draft
JJJ014,draft
JJJ015,draft
JJJ016,draft
JJJ017,draft
JJJ018,draft
JJJ019,draft
JJJ020,nanopore_only
JJJ021,draft
JJJ022,draft
JJJ023,draft
JJJ024,draft
JJJ025,nanopore_only
MS11,draft
NG196,hybrid
NG250,hybrid
NG251,hybrid
NG290,hybrid
Ng_102,draft
Ng_114,draft
Ng_118,nanopore_only
Ng_123,draft
Ng_126,draft
Ng_128,draft
Ng_129,draft
Ng_131,draft
Ng_133,draft
Ng_134,draft
Ng_136,draft
Ng_140,draft
Ng_141,draft
Ng_144,draft
Ng_148,draft
Ng_151,draft
Ng_154,draft
Ng_162,draft
Ng_163,draft
Ng_165,draft
Ng_171,draft
Ng_175,draft
Ng_176,draft
Ng_180,draft
Ng_183,draft
Ng_188,nanopore_only
Ng_25,draft
Ng_30,draft
Ng_54,draft
Ng_74,draft
Ng_91,draft
RIVM0610,hybrid
RIVM0640,hybrid
SE690,hybrid
SRR5827031,draft
SRR5827032,draft
SRR5827069,draft
SRR5827082,draft
SRR5827122,draft
SRR5827126,draft
SRR5827141,draft
SRR5827169,draft
SRR5827182,draft
SRR5827204,draft
SRR5827228,draft
SRR5827236,draft
SRR5827238,draft
SRR5827260,draft
SRR5827283,draft
SRR5827295,draft
SRR5827301,draft
SRR5827318,draft
SRR5827322,draft
SRR5827342,draft
SRR5827361,draft
SRR5827369,draft
SRR5827373,draft
SRR5827375,draft
SRR5827412,draft
SRR5827413,draft
SRR8833282,draft
SRR8833283,draft
SRR8833284,draft
SRR8833288,draft
SRR8833289,draft
SRR8833290,draft
SRR8833291,draft
SRR8833292,draft
SRR8833294,draft
SRR8833297,draft
SRR8992476,draft
SRR8992477,draft
SRRSH203,hybrid
SRRSH204,hybrid
SRRSH205,hybrid
SRRSH207,hybrid
SRRSH214,hybrid
SRRSH229,hybrid
SRRSH240,hybrid
SS3160,hybrid
TFG-A2,hybrid
TFG-B2,hybrid
TUM15748,hybrid
TUM16691,hybrid
UMASS-DGI_1,nanopore_only
UMASS-DGI_10,draft
UMASS-DGI_11,draft
UMASS-DGI_14,draft
UMASS-DGI_18,draft
UMASS-DGI_19,draft
UMASS-DGI_2,draft
UMASS-DGI_20,draft
UMASS-DGI_21,draft
UMASS-DGI_24,draft
UMASS-DGI_25,draft
UMASS-DGI_26,nanopore_only
UMASS-DGI_27,draft
UMASS-DGI_29,draft
UMASS-DGI_3,draft
UMASS-DGI_33,draft
UMASS-DGI_34,draft
UMASS-DGI_36,nanopore_only
UMASS-DGI_37,draft
UMASS-DGI_38,draft
UMASS-DGI_4,draft
UMASS-DGI_40,nanopore_only
UMASS-DGI_41,draft
UMASS-DGI_42,draft
UMASS-DGI_43,draft
UMASS-DGI_44,draft
UMASS-DGI_45,draft
UMASS-DGI_46,draft
UMASS-DGI_48,draft
UMASS-DGI_49,draft
UMASS-DGI_5,nanopore_only
UMASS-DGI_50,draft
UMASS-DGI_51,draft
UMASS-DGI_52,draft
UMASS-DGI_53,draft
UMASS-DGI_54,nanopore_only
UMASS-DGI_55,draft
UMASS-DGI_56,draft
UMASS-DGI_57,draft
UMASS-DGI_58,draft
UMASS-DGI_59,draft
UMASS-DGI_60,draft
UMASS-DGI_61,nanopore_only
UMASS-DGI_62,draft
UMASS-DGI_63,draft
UMASS-DGI_64,draft
UMASS-DGI_65,draft
UMASS-DGI_66,draft
UMASS-DGI_67,draft
UMASS-DGI_68,draft
UMASS-DGI_69,draft
UMASS-DGI_70,draft
UMASS-DGI_8,draft
UMASS-DGI_9,nanopore_only
