,strain,num_similar,ids
0,10231,2,"['10231_opa_3', '10231_opa_1']"
1,10231,2,"['10231_opa_9', '10231_opa_2']"
2,10231,2,"['10231_opa_7', '10231_opa_4']"
3,10231,2,"['10231_opa_6', '10231_opa_8']"
4,10239,2,"['10239_opa_11', '10239_opa_10']"
5,10268,2,"['10268_opa_2', '10268_opa_1']"
6,10268,3,"['10268_opa_9', '10268_opa_4', '10268_opa_7']"
7,10268,2,"['10268_opa_8', '10268_opa_6']"
8,10272,3,"['10272_opa_9', '10272_opa_6', '10272_opa_4']"
9,10296,3,"['10296_opa_4', '10296_opa_10', '10296_opa_1']"
10,10328,3,"['10328_opa_6', '10328_opa_8', '10328_opa_1']"
11,10328,2,"['10328_opa_2', '10328_opa_9']"
12,10328,2,"['10328_opa_5', '10328_opa_7']"
13,10500,2,"['10500_opa_7', '10500_opa_2']"
14,10500,2,"['10500_opa_9', '10500_opa_4']"
15,10524,3,"['10524_opa_8', '10524_opa_1', '10524_opa_6']"
16,10524,3,"['10524_opa_2', '10524_opa_7', '10524_opa_9']"
17,10529,2,"['10529_opa_2', '10529_opa_10']"
18,10529,2,"['10529_opa_8', '10529_opa_6']"
19,10531,2,"['10531_opa_1', '10531_opa_2']"
20,10531,4,"['10531_opa_10', '10531_opa_6', '10531_opa_8', '10531_opa_9']"
21,10536,4,"['10536_opa_8', '10536_opa_10', '10536_opa_3', '10536_opa_1']"
22,10536,3,"['10536_opa_9', '10536_opa_6', '10536_opa_5']"
23,10537,3,"['10537_opa_3', '10537_opa_8', '10537_opa_1']"
24,10537,3,"['10537_opa_5', '10537_opa_6', '10537_opa_9']"
25,10538,4,"['10538_opa_8', '10538_opa_3', '10538_opa_10', '10538_opa_1']"
26,10538,2,"['10538_opa_6', '10538_opa_5']"
27,10562,2,"['10562_opa_1', '10562_opa_2']"
28,10562,2,"['10562_opa_7', '10562_opa_3']"
29,10562,2,"['10562_opa_4', '10562_opa_9']"
30,10574,2,"['10574_opa_2', '10574_opa_1']"
31,10574,2,"['10574_opa_10', '10574_opa_5']"
32,10574,3,"['10574_opa_4', '10574_opa_9', '10574_opa_7']"
33,10574,2,"['10574_opa_8', '10574_opa_6']"
34,10588,2,"['10588_opa_8', '10588_opa_6']"
35,10588,2,"['10588_opa_7', '10588_opa_9']"
36,10610,3,"['10610_opa_6', '10610_opa_1', '10610_opa_8']"
37,10610,2,"['10610_opa_10', '10610_opa_7']"
38,10638,2,"['10638_opa_5', '10638_opa_10']"
39,10638,2,"['10638_opa_2', '10638_opa_9']"
40,10638,2,"['10638_opa_6', '10638_opa_8']"
41,10702,2,"['10702_opa_9', '10702_opa_2']"
42,10702,2,"['10702_opa_4', '10702_opa_7']"
43,10708,2,"['10708_opa_11', '10708_opa_10']"
44,10708,2,"['10708_opa_4', '10708_opa_2']"
45,10708,2,"['10708_opa_9', '10708_opa_8']"
46,10723,3,"['10723_opa_1', '10723_opa_10', '10723_opa_4']"
47,10723,2,"['10723_opa_2', '10723_opa_9']"
48,10723,2,"['10723_opa_6', '10723_opa_7']"
49,10727,4,"['10727_opa_10', '10727_opa_6', '10727_opa_8', '10727_opa_1']"
50,10727,2,"['10727_opa_4', '10727_opa_2']"
51,10736,3,"['10736_opa_1', '10736_opa_8', '10736_opa_9']"
52,10736,2,"['10736_opa_7', '10736_opa_2']"
53,10743,2,"['10743_opa_1', '10743_opa_8']"
54,10743,2,"['10743_opa_6', '10743_opa_9']"
55,10744,2,"['10744_opa_9', '10744_opa_2']"
56,10771,2,"['10771_opa_2', '10771_opa_9']"
57,10771,2,"['10771_opa_5', '10771_opa_7']"
58,10771,2,"['10771_opa_6', '10771_opa_8']"
59,10791,2,"['10791_opa_2', '10791_opa_8']"
60,10792,2,"['10792_opa_9', '10792_opa_2']"
61,10792,2,"['10792_opa_8', '10792_opa_7']"
62,10794,2,"['10794_opa_5', '10794_opa_1']"
63,10794,2,"['10794_opa_9', '10794_opa_2']"
64,10794,2,"['10794_opa_8', '10794_opa_6']"
65,10795,2,"['10795_opa_2', '10795_opa_8']"
66,1081168,2,"['1081168_opa_8', '1081168_opa_10']"
67,1081168,3,"['1081168_opa_7', '1081168_opa_3', '1081168_opa_5']"
68,1081168,2,"['1081168_opa_6', '1081168_opa_4']"
69,10814,2,"['10814_opa_1', '10814_opa_5']"
70,10814,3,"['10814_opa_6', '10814_opa_10', '10814_opa_8']"
71,10814,2,"['10814_opa_2', '10814_opa_9']"
72,1123850,2,"['1123850_opa_1', '1123850_opa_4']"
73,1123850,2,"['1123850_opa_6', '1123850_opa_11']"
74,1123850,3,"['1123850_opa_8', '1123850_opa_2', '1123850_opa_9']"
75,1130991,3,"['1130991_opa_11', '1130991_opa_9', '1130991_opa_1']"
76,1130991,3,"['1130991_opa_6', '1130991_opa_10', '1130991_opa_8']"
77,1130991,3,"['1130991_opa_3', '1130991_opa_7', '1130991_opa_5']"
78,1145734,2,"['1145734_opa_1', '1145734_opa_2']"
79,1145734,3,"['1145734_opa_10', '1145734_opa_5', '1145734_opa_8']"
80,1145734,2,"['1145734_opa_9', '1145734_opa_7']"
81,2004S05-027,2,"['2004S05-027_opa_8', '2004S05-027_opa_11']"
82,2004S05-027,2,"['2004S05-027_opa_6', '2004S05-027_opa_5']"
83,2010C02-038,2,"['2010C02-038_opa_6', '2010C02-038_opa_10']"
84,2010C02-038,2,"['2010C02-038_opa_11', '2010C02-038_opa_7']"
85,2010C02-038,2,"['2010C02-038_opa_3', '2010C02-038_opa_2']"
86,2010C02-038,2,"['2010C02-038_opa_5', '2010C02-038_opa_4']"
87,2014E02-242,4,"['2014E02-242_opa_8', '2014E02-242_opa_2', '2014E02-242_opa_11', '2014E02-242_opa_3']"
88,2016E02-233,2,"['2016E02-233_opa_10', '2016E02-233_opa_8']"
89,20181204,2,"['20181204_opa_8', '20181204_opa_4']"
90,20181204,2,"['20181204_opa_7', '20181204_opa_9']"
91,2018C07-301,2,"['2018C07-301_opa_1', '2018C07-301_opa_11']"
92,2018C07-301,2,"['2018C07-301_opa_6', '2018C07-301_opa_2']"
93,2018C07-301,2,"['2018C07-301_opa_9', '2018C07-301_opa_7']"
94,2018S05-288,2,"['2018S05-288_opa_2', '2018S05-288_opa_3']"
95,2020N07-265,3,"['2020N07-265_opa_3', '2020N07-265_opa_10', '2020N07-265_opa_8']"
96,2020N08-318,2,"['2020N08-318_opa_10', '2020N08-318_opa_4']"
97,2020N08-318,3,"['2020N08-318_opa_6', '2020N08-318_opa_3', '2020N08-318_opa_2']"
98,2020N08-318,2,"['2020N08-318_opa_8', '2020N08-318_opa_5']"
99,2020S05-258,2,"['2020S05-258_opa_1', '2020S05-258_opa_3']"
100,2020S05-258,2,"['2020S05-258_opa_2', '2020S05-258_opa_10']"
101,2022NG-0032,2,"['2022NG-0032_opa_1', '2022NG-0032_opa_3']"
102,2022NG-0032,2,"['2022NG-0032_opa_2', '2022NG-0032_opa_10']"
103,2022NG-0032,3,"['2022NG-0032_opa_8', '2022NG-0032_opa_6', '2022NG-0032_opa_4']"
104,2022NG-0076,2,"['2022NG-0076_opa_5', '2022NG-0076_opa_1']"
105,2022NG-0076,2,"['2022NG-0076_opa_9', '2022NG-0076_opa_2']"
106,2022NG-0076,2,"['2022NG-0076_opa_8', '2022NG-0076_opa_4']"
107,25818_3#234,2,"['25818_3#234_opa_2', '25818_3#234_opa_1']"
108,25818_3#234,2,"['25818_3#234_opa_11', '25818_3#234_opa_8']"
109,9035,2,"['9035_opa_1', '9035_opa_6']"
110,9035,3,"['9035_opa_3', '9035_opa_10', '9035_opa_5']"
111,9071,2,"['9071_opa_8', '9071_opa_1']"
112,9071,2,"['9071_opa_4', '9071_opa_9']"
113,9071,2,"['9071_opa_7', '9071_opa_6']"
114,9112,3,"['9112_opa_1', '9112_opa_4', '9112_opa_8']"
115,9112,2,"['9112_opa_5', '9112_opa_6']"
116,9126,3,"['9126_opa_6', '9126_opa_1', '9126_opa_8']"
117,9126,2,"['9126_opa_2', '9126_opa_9']"
118,9126,2,"['9126_opa_3', '9126_opa_7']"
119,9343,2,"['9343_opa_1', '9343_opa_2']"
120,9343,2,"['9343_opa_9', '9343_opa_4']"
121,9343,3,"['9343_opa_8', '9343_opa_6', '9343_opa_7']"
122,9399,2,"['9399_opa_2', '9399_opa_1']"
123,9399,3,"['9399_opa_4', '9399_opa_9', '9399_opa_10']"
124,9399,2,"['9399_opa_6', '9399_opa_8']"
125,9431,2,"['9431_opa_5', '9431_opa_3']"
126,9460,2,"['9460_opa_4', '9460_opa_2']"
127,9460,2,"['9460_opa_5', '9460_opa_3']"
128,9464,2,"['9464_opa_2', '9464_opa_4']"
129,9464,2,"['9464_opa_3', '9464_opa_5']"
130,96MB,2,"['96MB_opa_5', '96MB_opa_1']"
131,96MB,2,"['96MB_opa_8', '96MB_opa_10']"
132,AT159,2,"['AT159_opa_3', 'AT159_opa_11']"
133,AT159,2,"['AT159_opa_9', 'AT159_opa_7']"
134,ATCC49226,3,"['ATCC49226_opa_6', 'ATCC49226_opa_3', 'ATCC49226_opa_8']"
135,AUNG1065,3,"['AUNG1065_opa_11', 'AUNG1065_opa_8', 'AUNG1065_opa_1']"
136,AUNG1065,4,"['AUNG1065_opa_6', 'AUNG1065_opa_7', 'AUNG1065_opa_5', 'AUNG1065_opa_10']"
137,AUNG1065,2,"['AUNG1065_opa_2', 'AUNG1065_opa_9']"
138,AUNG1251,2,"['AUNG1251_opa_4', 'AUNG1251_opa_9']"
139,AUNG1251,2,"['AUNG1251_opa_8', 'AUNG1251_opa_6']"
140,AUNG1291,2,"['AUNG1291_opa_1', 'AUNG1291_opa_3']"
141,AUNG1291,3,"['AUNG1291_opa_6', 'AUNG1291_opa_8', 'AUNG1291_opa_10']"
142,AUNG1291,2,"['AUNG1291_opa_9', 'AUNG1291_opa_4']"
143,AUSMDU00010541,2,"['AUSMDU00010541_opa_9', 'AUSMDU00010541_opa_4']"
144,BJ16148,2,"['BJ16148_opa_11', 'BJ16148_opa_1']"
145,BJ16148,2,"['BJ16148_opa_5', 'BJ16148_opa_3']"
146,BJ16148,2,"['BJ16148_opa_8', 'BJ16148_opa_4']"
147,BJ16148,2,"['BJ16148_opa_6', 'BJ16148_opa_9']"
148,CCC010,2,"['CCC010_opa_1', 'CCC010_opa_5']"
149,CCC010,4,"['CCC010_opa_6', 'CCC010_opa_11', 'CCC010_opa_2', 'CCC010_opa_8']"
150,CCC012,3,"['CCC012_opa_2', 'CCC012_opa_4', 'CCC012_opa_1']"
151,CCC012,2,"['CCC012_opa_11', 'CCC012_opa_6']"
152,CCC013,2,"['CCC013_opa_11', 'CCC013_opa_2']"
153,CCC014,2,"['CCC014_opa_3', 'CCC014_opa_8']"
154,CCC015,2,"['CCC015_opa_8', 'CCC015_opa_3']"
155,CCC016,2,"['CCC016_opa_1', 'CCC016_opa_8']"
156,CCC016,2,"['CCC016_opa_4', 'CCC016_opa_2']"
157,CCC016,2,"['CCC016_opa_3', 'CCC016_opa_6']"
158,CCC017,2,"['CCC017_opa_6', 'CCC017_opa_10']"
159,CCC017,2,"['CCC017_opa_3', 'CCC017_opa_8']"
160,CCC017,2,"['CCC017_opa_9', 'CCC017_opa_7']"
161,CCC020,4,"['CCC020_opa_6', 'CCC020_opa_11', 'CCC020_opa_10', 'CCC020_opa_8']"
162,CCC020,2,"['CCC020_opa_4', 'CCC020_opa_3']"
163,CCC020,2,"['CCC020_opa_7', 'CCC020_opa_9']"
164,CCC028,3,"['CCC028_opa_7', 'CCC028_opa_1', 'CCC028_opa_2']"
165,CCC028,2,"['CCC028_opa_10', 'CCC028_opa_8']"
166,CCC028,2,"['CCC028_opa_4', 'CCC028_opa_5']"
167,CCC033,2,"['CCC033_opa_1', 'CCC033_opa_10']"
168,CCC033,2,"['CCC033_opa_2', 'CCC033_opa_11']"
169,CCC048,3,"['CCC048_opa_9', 'CCC048_opa_3', 'CCC048_opa_7']"
170,CCC048,2,"['CCC048_opa_6', 'CCC048_opa_8']"
171,CT213,6,"['CT213_opa_6', 'CT213_opa_11', 'CT213_opa_10', 'CT213_opa_2', 'CT213_opa_1', 'CT213_opa_3']"
172,CT213,2,"['CT213_opa_8', 'CT213_opa_5']"
173,CT530,2,"['CT530_opa_6', 'CT530_opa_4']"
174,CT532,3,"['CT532_opa_11', 'CT532_opa_6', 'CT532_opa_8']"
175,CT532,3,"['CT532_opa_5', 'CT532_opa_4', 'CT532_opa_2']"
176,CT602,2,"['CT602_opa_3', 'CT602_opa_10']"
177,CT602,4,"['CT602_opa_8', 'CT602_opa_11', 'CT602_opa_2', 'CT602_opa_6']"
178,CT602,2,"['CT602_opa_7', 'CT602_opa_9']"
179,DDD001,2,"['DDD001_opa_3', 'DDD001_opa_8']"
180,DDD001,2,"['DDD001_opa_6', 'DDD001_opa_4']"
181,DDD029,2,"['DDD029_opa_9', 'DDD029_opa_2']"
182,DDD029,2,"['DDD029_opa_3', 'DDD029_opa_7']"
183,DDD031,2,"['DDD031_opa_7', 'DDD031_opa_1']"
184,DDD031,3,"['DDD031_opa_2', 'DDD031_opa_11', 'DDD031_opa_6']"
185,DDD031,2,"['DDD031_opa_3', 'DDD031_opa_8']"
186,DDD034,2,"['DDD034_opa_2', 'DDD034_opa_9']"
187,DDD034,2,"['DDD034_opa_3', 'DDD034_opa_7']"
188,DDD038,3,"['DDD038_opa_2', 'DDD038_opa_9', 'DDD038_opa_8']"
189,DDD038,2,"['DDD038_opa_3', 'DDD038_opa_7']"
190,DDD046,3,"['DDD046_opa_8', 'DDD046_opa_2', 'DDD046_opa_10']"
191,DDD046,2,"['DDD046_opa_3', 'DDD046_opa_11']"
192,DDD046,2,"['DDD046_opa_5', 'DDD046_opa_6']"
193,DDD046,2,"['DDD046_opa_9', 'DDD046_opa_7']"
194,EEE004,2,"['EEE004_opa_4', 'EEE004_opa_1']"
195,EEE004,3,"['EEE004_opa_11', 'EEE004_opa_2', 'EEE004_opa_8']"
196,EEE004,2,"['EEE004_opa_5', 'EEE004_opa_3']"
197,EEE013,2,"['EEE013_opa_1', 'EEE013_opa_10']"
198,EEE013,2,"['EEE013_opa_8', 'EEE013_opa_6']"
199,EEE014,2,"['EEE014_opa_1', 'EEE014_opa_5']"
200,EEE014,2,"['EEE014_opa_10', 'EEE014_opa_8']"
201,EEE015,2,"['EEE015_opa_10', 'EEE015_opa_8']"
202,EEE015,3,"['EEE015_opa_7', 'EEE015_opa_6', 'EEE015_opa_2']"
203,EEE016,2,"['EEE016_opa_1', 'EEE016_opa_8']"
204,EEE016,2,"['EEE016_opa_4', 'EEE016_opa_7']"
205,EEE018,2,"['EEE018_opa_1', 'EEE018_opa_10']"
206,EEE018,2,"['EEE018_opa_11', 'EEE018_opa_8']"
207,EEE018,4,"['EEE018_opa_4', 'EEE018_opa_2', 'EEE018_opa_3', 'EEE018_opa_5']"
208,EEE019,2,"['EEE019_opa_1', 'EEE019_opa_2']"
209,EEE019,2,"['EEE019_opa_10', 'EEE019_opa_5']"
210,EEE019,2,"['EEE019_opa_3', 'EEE019_opa_4']"
211,EEE019,2,"['EEE019_opa_8', 'EEE019_opa_6']"
212,EEE020,2,"['EEE020_opa_10', 'EEE020_opa_6']"
213,EEE020,2,"['EEE020_opa_4', 'EEE020_opa_2']"
214,EEE020,2,"['EEE020_opa_8', 'EEE020_opa_3']"
215,EEE021,4,"['EEE021_opa_10', 'EEE021_opa_1', 'EEE021_opa_4', 'EEE021_opa_3']"
216,EEE023,3,"['EEE023_opa_9', 'EEE023_opa_11', 'EEE023_opa_8']"
217,EEE023,3,"['EEE023_opa_4', 'EEE023_opa_3', 'EEE023_opa_5']"
218,EEE026,2,"['EEE026_opa_1', 'EEE026_opa_3']"
219,EEE026,2,"['EEE026_opa_4', 'EEE026_opa_10']"
220,EEE029,2,"['EEE029_opa_5', 'EEE029_opa_1']"
221,EEE029,3,"['EEE029_opa_6', 'EEE029_opa_11', 'EEE029_opa_4']"
222,EEE029,2,"['EEE029_opa_2', 'EEE029_opa_3']"
223,EEE029,2,"['EEE029_opa_9', 'EEE029_opa_7']"
224,EEE030,2,"['EEE030_opa_6', 'EEE030_opa_2']"
225,EEE030,4,"['EEE030_opa_5', 'EEE030_opa_4', 'EEE030_opa_3', 'EEE030_opa_8']"
226,EEE034,2,"['EEE034_opa_11', 'EEE034_opa_1']"
227,EEE034,3,"['EEE034_opa_10', 'EEE034_opa_6', 'EEE034_opa_8']"
228,EEE034,2,"['EEE034_opa_4', 'EEE034_opa_9']"
229,EEE035,3,"['EEE035_opa_2', 'EEE035_opa_10', 'EEE035_opa_8']"
230,EEE035,2,"['EEE035_opa_3', 'EEE035_opa_5']"
231,EEE035,2,"['EEE035_opa_7', 'EEE035_opa_9']"
232,EEE037,3,"['EEE037_opa_9', 'EEE037_opa_3', 'EEE037_opa_10']"
233,FA1090,2,"['FA1090_opa_11', 'FA1090_opa_2']"
234,FA1090,2,"['FA1090_opa_3', 'FA1090_opa_9']"
235,FA19,2,"['FA19_opa_8', 'FA19_opa_1']"
236,FA19,2,"['FA19_opa_4', 'FA19_opa_3']"
237,FA19,2,"['FA19_opa_5', 'FA19_opa_7']"
238,FDAARGOS_204,3,"['FDAARGOS_204_opa_10', 'FDAARGOS_204_opa_8', 'FDAARGOS_204_opa_7']"
239,FDAARGOS_204,2,"['FDAARGOS_204_opa_6', 'FDAARGOS_204_opa_11']"
240,FDAARGOS_204,2,"['FDAARGOS_204_opa_5', 'FDAARGOS_204_opa_2']"
241,FDAARGOS_205,3,"['FDAARGOS_205_opa_8', 'FDAARGOS_205_opa_7', 'FDAARGOS_205_opa_10']"
242,FDAARGOS_207,2,"['FDAARGOS_207_opa_6', 'FDAARGOS_207_opa_1']"
243,FDAARGOS_207,2,"['FDAARGOS_207_opa_7', 'FDAARGOS_207_opa_10']"
244,FDAARGOS_207,3,"['FDAARGOS_207_opa_11', 'FDAARGOS_207_opa_8', 'FDAARGOS_207_opa_4']"
245,FDAARGOS_207,2,"['FDAARGOS_207_opa_3', 'FDAARGOS_207_opa_2']"
246,FFF004,3,"['FFF004_opa_10', 'FFF004_opa_6', 'FFF004_opa_8']"
247,FFF004,2,"['FFF004_opa_2', 'FFF004_opa_3']"
248,FFF005,2,"['FFF005_opa_2', 'FFF005_opa_3']"
249,FFF005,2,"['FFF005_opa_4', 'FFF005_opa_9']"
250,FFF005,2,"['FFF005_opa_8', 'FFF005_opa_6']"
251,FFF007,3,"['FFF007_opa_2', 'FFF007_opa_5', 'FFF007_opa_1']"
252,FFF007,2,"['FFF007_opa_9', 'FFF007_opa_8']"
253,FFF017,2,"['FFF017_opa_1', 'FFF017_opa_5']"
254,FFF024,2,"['FFF024_opa_9', 'FFF024_opa_1']"
255,FFF024,2,"['FFF024_opa_11', 'FFF024_opa_2']"
256,FFF024,2,"['FFF024_opa_4', 'FFF024_opa_8']"
257,FFF026,2,"['FFF026_opa_1', 'FFF026_opa_5']"
258,FFF026,3,"['FFF026_opa_11', 'FFF026_opa_8', 'FFF026_opa_10']"
259,FFF038,2,"['FFF038_opa_1', 'FFF038_opa_10']"
260,FFF038,2,"['FFF038_opa_3', 'FFF038_opa_6']"
261,FFF044,2,"['FFF044_opa_2', 'FFF044_opa_11']"
262,FFF044,2,"['FFF044_opa_3', 'FFF044_opa_8']"
263,FFF044,3,"['FFF044_opa_9', 'FFF044_opa_5', 'FFF044_opa_7']"
264,FFF047,2,"['FFF047_opa_7', 'FFF047_opa_10']"
265,FQ01,2,"['FQ01_opa_8', 'FQ01_opa_11']"
266,FQ01,2,"['FQ01_opa_4', 'FQ01_opa_3']"
267,FQ01,2,"['FQ01_opa_6', 'FQ01_opa_9']"
268,FQ02,2,"['FQ02_opa_1', 'FQ02_opa_7']"
269,FQ02,2,"['FQ02_opa_2', 'FQ02_opa_10']"
270,FQ02,2,"['FQ02_opa_8', 'FQ02_opa_3']"
271,FQ02,2,"['FQ02_opa_5', 'FQ02_opa_4']"
272,FQ04,3,"['FQ04_opa_2', 'FQ04_opa_7', 'FQ04_opa_4']"
273,FQ04,2,"['FQ04_opa_8', 'FQ04_opa_3']"
274,FQ04,2,"['FQ04_opa_6', 'FQ04_opa_9']"
275,FQ20,2,"['FQ20_opa_4', 'FQ20_opa_2']"
276,FQ20,2,"['FQ20_opa_9', 'FQ20_opa_7']"
277,FQ35,3,"['FQ35_opa_9', 'FQ35_opa_7', 'FQ35_opa_11']"
278,FQ35,2,"['FQ35_opa_2', 'FQ35_opa_4']"
279,FQ36,2,"['FQ36_opa_8', 'FQ36_opa_4']"
280,FQ48,2,"['FQ48_opa_4', 'FQ48_opa_1']"
281,FQ48,2,"['FQ48_opa_6', 'FQ48_opa_9']"
282,FQ82,2,"['FQ82_opa_11', 'FQ82_opa_8']"
283,FQ82,2,"['FQ82_opa_7', 'FQ82_opa_4']"
284,FQ82,2,"['FQ82_opa_6', 'FQ82_opa_9']"
285,FQ84,3,"['FQ84_opa_9', 'FQ84_opa_6', 'FQ84_opa_11']"
286,FQ84,2,"['FQ84_opa_2', 'FQ84_opa_4']"
287,GCGS0245,3,"['GCGS0245_opa_9', 'GCGS0245_opa_1', 'GCGS0245_opa_8']"
288,GCGS0245,3,"['GCGS0245_opa_2', 'GCGS0245_opa_7', 'GCGS0245_opa_4']"
289,GCGS0276,2,"['GCGS0276_opa_10', 'GCGS0276_opa_2']"
290,GCGS0276,2,"['GCGS0276_opa_4', 'GCGS0276_opa_3']"
291,GCGS0276,3,"['GCGS0276_opa_9', 'GCGS0276_opa_8', 'GCGS0276_opa_5']"
292,GCGS0306,2,"['GCGS0306_opa_7', 'GCGS0306_opa_1']"
293,GCGS0306,2,"['GCGS0306_opa_10', 'GCGS0306_opa_8']"
294,GCGS0306,2,"['GCGS0306_opa_6', 'GCGS0306_opa_9']"
295,GCGS0313,3,"['GCGS0313_opa_1', 'GCGS0313_opa_4', 'GCGS0313_opa_5']"
296,GCGS0313,2,"['GCGS0313_opa_11', 'GCGS0313_opa_6']"
297,GCGS0313,2,"['GCGS0313_opa_2', 'GCGS0313_opa_8']"
298,GCGS0339,3,"['GCGS0339_opa_6', 'GCGS0339_opa_10', 'GCGS0339_opa_8']"
299,GCGS0373,3,"['GCGS0373_opa_7', 'GCGS0373_opa_1', 'GCGS0373_opa_5']"
300,GCGS0373,3,"['GCGS0373_opa_4', 'GCGS0373_opa_3', 'GCGS0373_opa_10']"
301,GCGS0431,3,"['GCGS0431_opa_1', 'GCGS0431_opa_2', 'GCGS0431_opa_5']"
302,GCGS0431,3,"['GCGS0431_opa_11', 'GCGS0431_opa_7', 'GCGS0431_opa_8']"
303,GCGS0457,2,"['GCGS0457_opa_10', 'GCGS0457_opa_6']"
304,GCGS0457,2,"['GCGS0457_opa_2', 'GCGS0457_opa_8']"
305,GCGS0457,2,"['GCGS0457_opa_3', 'GCGS0457_opa_4']"
306,GCGS0457,2,"['GCGS0457_opa_9', 'GCGS0457_opa_7']"
307,GCGS0769,2,"['GCGS0769_opa_4', 'GCGS0769_opa_11']"
308,GCGS0834,2,"['GCGS0834_opa_5', 'GCGS0834_opa_1']"
309,GCGS0834,2,"['GCGS0834_opa_6', 'GCGS0834_opa_2']"
310,GCGS0834,2,"['GCGS0834_opa_8', 'GCGS0834_opa_4']"
311,GCGS0834,2,"['GCGS0834_opa_7', 'GCGS0834_opa_9']"
312,GCGS0864,2,"['GCGS0864_opa_4', 'GCGS0864_opa_1']"
313,GCGS0864,2,"['GCGS0864_opa_10', 'GCGS0864_opa_8']"
314,GCGS0864,2,"['GCGS0864_opa_3', 'GCGS0864_opa_7']"
315,GCGS0864,2,"['GCGS0864_opa_9', 'GCGS0864_opa_5']"
316,GCGS1013,2,"['GCGS1013_opa_3', 'GCGS1013_opa_10']"
317,GCGS1013,2,"['GCGS1013_opa_9', 'GCGS1013_opa_11']"
318,GCGS1013,2,"['GCGS1013_opa_2', 'GCGS1013_opa_4']"
319,GCGS1014,2,"['GCGS1014_opa_10', 'GCGS1014_opa_8']"
320,GCGS1014,5,"['GCGS1014_opa_7', 'GCGS1014_opa_9', 'GCGS1014_opa_5', 'GCGS1014_opa_2', 'GCGS1014_opa_3']"
321,GCGS1095,3,"['GCGS1095_opa_9', 'GCGS1095_opa_7', 'GCGS1095_opa_10']"
322,GCGS1095,2,"['GCGS1095_opa_3', 'GCGS1095_opa_2']"
323,GCGS1095,3,"['GCGS1095_opa_6', 'GCGS1095_opa_8', 'GCGS1095_opa_4']"
324,GGG022,2,"['GGG022_opa_7', 'GGG022_opa_11']"
325,GGG031,2,"['GGG031_opa_8', 'GGG031_opa_5']"
326,H035,2,"['H035_opa_1', 'H035_opa_4']"
327,H035,2,"['H035_opa_3', 'H035_opa_5']"
328,H035,2,"['H035_opa_8', 'H035_opa_6']"
329,HHH023,3,"['HHH023_opa_9', 'HHH023_opa_1', 'HHH023_opa_2']"
330,HHH023,3,"['HHH023_opa_11', 'HHH023_opa_6', 'HHH023_opa_4']"
331,HHH030,2,"['HHH030_opa_8', 'HHH030_opa_3']"
332,JJJ010,2,"['JJJ010_opa_6', 'JJJ010_opa_2']"
333,JJJ020,2,"['JJJ020_opa_5', 'JJJ020_opa_7']"
334,JJJ025,3,"['JJJ025_opa_8', 'JJJ025_opa_11', 'JJJ025_opa_9']"
335,NCTC8375,3,"['NCTC8375_opa_4', 'NCTC8375_opa_7', 'NCTC8375_opa_10']"
336,NCTC8375,2,"['NCTC8375_opa_2', 'NCTC8375_opa_9']"
337,NG196,2,"['NG196_opa_5', 'NG196_opa_10']"
338,NG196,2,"['NG196_opa_2', 'NG196_opa_6']"
339,NG196,2,"['NG196_opa_4', 'NG196_opa_8']"
340,NG196,2,"['NG196_opa_9', 'NG196_opa_7']"
341,NG250,7,"['NG250_opa_1', 'NG250_opa_2', 'NG250_opa_11', 'NG250_opa_10', 'NG250_opa_5', 'NG250_opa_6', 'NG250_opa_8']"
342,NG250,2,"['NG250_opa_7', 'NG250_opa_9']"
343,NG251,2,"['NG251_opa_1', 'NG251_opa_8']"
344,NG251,3,"['NG251_opa_3', 'NG251_opa_4', 'NG251_opa_9']"
345,NG290,2,"['NG290_opa_8', 'NG290_opa_11']"
346,NG290,2,"['NG290_opa_9', 'NG290_opa_6']"
347,Ng_118,2,"['Ng_118_opa_7', 'Ng_118_opa_1']"
348,Ng_118,4,"['Ng_118_opa_4', 'Ng_118_opa_8', 'Ng_118_opa_6', 'Ng_118_opa_5']"
349,Ng_188,4,"['Ng_188_opa_2', 'Ng_188_opa_1', 'Ng_188_opa_4', 'Ng_188_opa_10']"
350,Ng_188,3,"['Ng_188_opa_11', 'Ng_188_opa_8', 'Ng_188_opa_5']"
351,Ng_188,2,"['Ng_188_opa_6', 'Ng_188_opa_3']"
352,RIVM0610,2,"['RIVM0610_opa_3', 'RIVM0610_opa_9']"
353,RIVM0610,2,"['RIVM0610_opa_5', 'RIVM0610_opa_7']"
354,RIVM0640,2,"['RIVM0640_opa_1', 'RIVM0640_opa_6']"
355,RIVM0640,2,"['RIVM0640_opa_10', 'RIVM0640_opa_8']"
356,RIVM0640,2,"['RIVM0640_opa_9', 'RIVM0640_opa_3']"
357,RIVM0640,2,"['RIVM0640_opa_7', 'RIVM0640_opa_5']"
358,SAMEA116302675,2,"['SAMEA116302675_opa_10', 'SAMEA116302675_opa_1']"
359,SAMEA116302675,4,"['SAMEA116302675_opa_8', 'SAMEA116302675_opa_3', 'SAMEA116302675_opa_6', 'SAMEA116302675_opa_11']"
360,SAMEA116302675,2,"['SAMEA116302675_opa_2', 'SAMEA116302675_opa_9']"
361,SAMEA116302676,2,"['SAMEA116302676_opa_10', 'SAMEA116302676_opa_1']"
362,SAMEA116302676,2,"['SAMEA116302676_opa_11', 'SAMEA116302676_opa_8']"
363,SAMEA116302676,2,"['SAMEA116302676_opa_9', 'SAMEA116302676_opa_2']"
364,SAMEA116302676,2,"['SAMEA116302676_opa_6', 'SAMEA116302676_opa_3']"
365,SE690,2,"['SE690_opa_3', 'SE690_opa_10']"
366,SE690,2,"['SE690_opa_4', 'SE690_opa_5']"
367,SRR5827236,3,"['SRR5827236_opa_10', 'SRR5827236_opa_7', 'SRR5827236_opa_1']"
368,SRR5827236,2,"['SRR5827236_opa_11', 'SRR5827236_opa_3']"
369,SRR5827236,3,"['SRR5827236_opa_2', 'SRR5827236_opa_6', 'SRR5827236_opa_5']"
370,SRR5827322,2,"['SRR5827322_opa_7', 'SRR5827322_opa_1']"
371,SRR5827322,3,"['SRR5827322_opa_4', 'SRR5827322_opa_2', 'SRR5827322_opa_10']"
372,SRR5827322,2,"['SRR5827322_opa_6', 'SRR5827322_opa_8']"
373,SRRSH203,2,"['SRRSH203_opa_1', 'SRRSH203_opa_9']"
374,SRRSH203,4,"['SRRSH203_opa_5', 'SRRSH203_opa_11', 'SRRSH203_opa_3', 'SRRSH203_opa_8']"
375,SRRSH204,2,"['SRRSH204_opa_9', 'SRRSH204_opa_1']"
376,SRRSH204,2,"['SRRSH204_opa_6', 'SRRSH204_opa_11']"
377,SRRSH204,3,"['SRRSH204_opa_3', 'SRRSH204_opa_5', 'SRRSH204_opa_8']"
378,SRRSH205,2,"['SRRSH205_opa_1', 'SRRSH205_opa_9']"
379,SRRSH205,4,"['SRRSH205_opa_11', 'SRRSH205_opa_3', 'SRRSH205_opa_5', 'SRRSH205_opa_8']"
380,SRRSH207,3,"['SRRSH207_opa_11', 'SRRSH207_opa_3', 'SRRSH207_opa_5']"
381,SRRSH207,2,"['SRRSH207_opa_4', 'SRRSH207_opa_8']"
382,SRRSH207,2,"['SRRSH207_opa_9', 'SRRSH207_opa_7']"
383,SRRSH214,2,"['SRRSH214_opa_1', 'SRRSH214_opa_9']"
384,SRRSH214,2,"['SRRSH214_opa_4', 'SRRSH214_opa_11']"
385,SRRSH214,3,"['SRRSH214_opa_3', 'SRRSH214_opa_8', 'SRRSH214_opa_5']"
386,SRRSH229,2,"['SRRSH229_opa_9', 'SRRSH229_opa_1']"
387,SRRSH229,4,"['SRRSH229_opa_5', 'SRRSH229_opa_11', 'SRRSH229_opa_8', 'SRRSH229_opa_3']"
388,SRRSH240,3,"['SRRSH240_opa_5', 'SRRSH240_opa_3', 'SRRSH240_opa_11']"
389,SRRSH240,2,"['SRRSH240_opa_8', 'SRRSH240_opa_4']"
390,SRRSH240,2,"['SRRSH240_opa_9', 'SRRSH240_opa_7']"
391,SS3160,2,"['SS3160_opa_4', 'SS3160_opa_1']"
392,SS3160,3,"['SS3160_opa_8', 'SS3160_opa_2', 'SS3160_opa_9']"
393,SS3160,2,"['SS3160_opa_5', 'SS3160_opa_3']"
394,TFG-A2,4,"['TFG-A2_opa_7', 'TFG-A2_opa_10', 'TFG-A2_opa_6', 'TFG-A2_opa_8']"
395,TFG-A2,2,"['TFG-A2_opa_9', 'TFG-A2_opa_11']"
396,TFG-B2,2,"['TFG-B2_opa_7', 'TFG-B2_opa_10']"
397,TFG-B2,2,"['TFG-B2_opa_3', 'TFG-B2_opa_8']"
398,TH1713,2,"['TH1713_opa_8', 'TH1713_opa_1']"
399,TH1713,3,"['TH1713_opa_10', 'TH1713_opa_7', 'TH1713_opa_3']"
400,TH1713,2,"['TH1713_opa_4', 'TH1713_opa_5']"
401,TH1713,2,"['TH1713_opa_6', 'TH1713_opa_9']"
402,TH2288,5,"['TH2288_opa_10', 'TH2288_opa_7', 'TH2288_opa_1', 'TH2288_opa_8', 'TH2288_opa_3']"
403,TH2288,3,"['TH2288_opa_6', 'TH2288_opa_11', 'TH2288_opa_9']"
404,TH2288,2,"['TH2288_opa_5', 'TH2288_opa_4']"
405,TUM15748,6,"['TUM15748_opa_11', 'TUM15748_opa_5', 'TUM15748_opa_6', 'TUM15748_opa_1', 'TUM15748_opa_7', 'TUM15748_opa_10']"
406,TUM15748,2,"['TUM15748_opa_2', 'TUM15748_opa_9']"
407,TUM16691,2,"['TUM16691_opa_10', 'TUM16691_opa_8']"
408,TUM16691,2,"['TUM16691_opa_6', 'TUM16691_opa_2']"
409,UMASS-DGI_26,3,"['UMASS-DGI_26_opa_3', 'UMASS-DGI_26_opa_2', 'UMASS-DGI_26_opa_1']"
410,UMASS-DGI_26,2,"['UMASS-DGI_26_opa_4', 'UMASS-DGI_26_opa_10']"
411,UMASS-DGI_36,2,"['UMASS-DGI_36_opa_5', 'UMASS-DGI_36_opa_1']"
412,UMASS-DGI_36,2,"['UMASS-DGI_36_opa_6', 'UMASS-DGI_36_opa_10']"
413,UMASS-DGI_36,2,"['UMASS-DGI_36_opa_2', 'UMASS-DGI_36_opa_4']"
414,UMASS-DGI_40,3,"['UMASS-DGI_40_opa_8', 'UMASS-DGI_40_opa_10', 'UMASS-DGI_40_opa_7']"
415,UMASS-DGI_46,2,"['UMASS-DGI_46_opa_2', 'UMASS-DGI_46_opa_1']"
416,UMASS-DGI_46,3,"['UMASS-DGI_46_opa_3', 'UMASS-DGI_46_opa_11', 'UMASS-DGI_46_opa_8']"
417,UMASS-DGI_46,2,"['UMASS-DGI_46_opa_9', 'UMASS-DGI_46_opa_7']"
418,UMASS-DGI_54,2,"['UMASS-DGI_54_opa_1', 'UMASS-DGI_54_opa_2']"
419,UMASS-DGI_54,2,"['UMASS-DGI_54_opa_10', 'UMASS-DGI_54_opa_3']"
420,UMASS-DGI_5,2,"['UMASS-DGI_5_opa_2', 'UMASS-DGI_5_opa_1']"
421,UMASS-DGI_5,3,"['UMASS-DGI_5_opa_10', 'UMASS-DGI_5_opa_11', 'UMASS-DGI_5_opa_3']"
422,UMASS-DGI_5,2,"['UMASS-DGI_5_opa_8', 'UMASS-DGI_5_opa_7']"
423,UMASS-DGI_65,2,"['UMASS-DGI_65_opa_4', 'UMASS-DGI_65_opa_1']"
424,UMASS-DGI_65,2,"['UMASS-DGI_65_opa_3', 'UMASS-DGI_65_opa_9']"
425,UMASS-DGI_65,2,"['UMASS-DGI_65_opa_5', 'UMASS-DGI_65_opa_8']"
426,UMASS-DGI_9,2,"['UMASS-DGI_9_opa_5', 'UMASS-DGI_9_opa_1']"
427,UMASS-DGI_9,3,"['UMASS-DGI_9_opa_4', 'UMASS-DGI_9_opa_10', 'UMASS-DGI_9_opa_9']"
428,UMASS-DGI_9,3,"['UMASS-DGI_9_opa_11', 'UMASS-DGI_9_opa_8', 'UMASS-DGI_9_opa_7']"
429,WHO_A_2024,2,"['WHO_A_2024_opa_11', 'WHO_A_2024_opa_1']"
430,WHO_A_2024,3,"['WHO_A_2024_opa_10', 'WHO_A_2024_opa_6', 'WHO_A_2024_opa_4']"
431,WHO_A_2024,2,"['WHO_A_2024_opa_9', 'WHO_A_2024_opa_7']"
432,WHO_B_2024,2,"['WHO_B_2024_opa_10', 'WHO_B_2024_opa_5']"
433,WHO_C_2024,4,"['WHO_C_2024_opa_9', 'WHO_C_2024_opa_5', 'WHO_C_2024_opa_8', 'WHO_C_2024_opa_11']"
434,WHO_D_2024,4,"['WHO_D_2024_opa_4', 'WHO_D_2024_opa_11', 'WHO_D_2024_opa_2', 'WHO_D_2024_opa_7']"
435,WHO_D_2024,2,"['WHO_D_2024_opa_6', 'WHO_D_2024_opa_8']"
436,WHO_E_2024,2,"['WHO_E_2024_opa_5', 'WHO_E_2024_opa_11']"
437,WHO_E_2024,2,"['WHO_E_2024_opa_7', 'WHO_E_2024_opa_9']"
438,WHO_F_2024,5,"['WHO_F_2024_opa_8', 'WHO_F_2024_opa_5', 'WHO_F_2024_opa_2', 'WHO_F_2024_opa_7', 'WHO_F_2024_opa_9']"
439,WHO_G_2024,2,"['WHO_G_2024_opa_10', 'WHO_G_2024_opa_8']"
440,WHO_G_2024,2,"['WHO_G_2024_opa_6', 'WHO_G_2024_opa_4']"
441,WHO_H_2024,3,"['WHO_H_2024_opa_10', 'WHO_H_2024_opa_9', 'WHO_H_2024_opa_3']"
442,WHO_H_2024,3,"['WHO_H_2024_opa_6', 'WHO_H_2024_opa_8', 'WHO_H_2024_opa_5']"
443,WHO_I_2024,2,"['WHO_I_2024_opa_1', 'WHO_I_2024_opa_5']"
444,WHO_I_2024,2,"['WHO_I_2024_opa_10', 'WHO_I_2024_opa_2']"
445,WHO_I_2024,2,"['WHO_I_2024_opa_6', 'WHO_I_2024_opa_3']"
446,WHO_J_2024,3,"['WHO_J_2024_opa_8', 'WHO_J_2024_opa_4', 'WHO_J_2024_opa_10']"
447,WHO_J_2024,2,"['WHO_J_2024_opa_2', 'WHO_J_2024_opa_6']"
448,WHO_K_2024,2,"['WHO_K_2024_opa_1', 'WHO_K_2024_opa_4']"
449,WHO_K_2024,3,"['WHO_K_2024_opa_10', 'WHO_K_2024_opa_6', 'WHO_K_2024_opa_2']"
450,WHO_L_2024,3,"['WHO_L_2024_opa_3', 'WHO_L_2024_opa_8', 'WHO_L_2024_opa_11']"
451,WHO_L_2024,3,"['WHO_L_2024_opa_2', 'WHO_L_2024_opa_4', 'WHO_L_2024_opa_5']"
452,WHO_L_2024,2,"['WHO_L_2024_opa_7', 'WHO_L_2024_opa_9']"
453,WHO_M_2024,2,"['WHO_M_2024_opa_2', 'WHO_M_2024_opa_1']"
454,WHO_M_2024,2,"['WHO_M_2024_opa_4', 'WHO_M_2024_opa_10']"
455,WHO_M_2024,2,"['WHO_M_2024_opa_6', 'WHO_M_2024_opa_7']"
456,WHO_N_2024,3,"['WHO_N_2024_opa_1', 'WHO_N_2024_opa_11', 'WHO_N_2024_opa_7']"
457,WHO_N_2024,2,"['WHO_N_2024_opa_8', 'WHO_N_2024_opa_10']"
458,WHO_N_2024,2,"['WHO_N_2024_opa_2', 'WHO_N_2024_opa_4']"
459,WHO_O_2024,2,"['WHO_O_2024_opa_11', 'WHO_O_2024_opa_8']"
460,WHO_P_2024,2,"['WHO_P_2024_opa_10', 'WHO_P_2024_opa_6']"
461,WHO_P_2024,3,"['WHO_P_2024_opa_2', 'WHO_P_2024_opa_5', 'WHO_P_2024_opa_4']"
462,WHO_P_2024,3,"['WHO_P_2024_opa_3', 'WHO_P_2024_opa_9', 'WHO_P_2024_opa_8']"
463,WHO_Q_2024,2,"['WHO_Q_2024_opa_10', 'WHO_Q_2024_opa_6']"
464,WHO_R_2024,3,"['WHO_R_2024_opa_11', 'WHO_R_2024_opa_6', 'WHO_R_2024_opa_9']"
465,WHO_R_2024,2,"['WHO_R_2024_opa_8', 'WHO_R_2024_opa_2']"
466,WHO_S2_2024,2,"['WHO_S2_2024_opa_1', 'WHO_S2_2024_opa_7']"
467,WHO_S2_2024,2,"['WHO_S2_2024_opa_8', 'WHO_S2_2024_opa_10']"
468,WHO_S2_2024,2,"['WHO_S2_2024_opa_4', 'WHO_S2_2024_opa_2']"
469,WHO_S_2024,2,"['WHO_S_2024_opa_9', 'WHO_S_2024_opa_10']"
470,WHO_S_2024,2,"['WHO_S_2024_opa_11', 'WHO_S_2024_opa_2']"
471,WHO_S_2024,2,"['WHO_S_2024_opa_7', 'WHO_S_2024_opa_5']"
472,WHO_S_2024,2,"['WHO_S_2024_opa_8', 'WHO_S_2024_opa_6']"
473,WHO_T_2024,6,"['WHO_T_2024_opa_7', 'WHO_T_2024_opa_6', 'WHO_T_2024_opa_10', 'WHO_T_2024_opa_9', 'WHO_T_2024_opa_4', 'WHO_T_2024_opa_12']"
474,WHO_T_2024,2,"['WHO_T_2024_opa_3', 'WHO_T_2024_opa_5']"
475,WHO_U_2024,4,"['WHO_U_2024_opa_2', 'WHO_U_2024_opa_1', 'WHO_U_2024_opa_8', 'WHO_U_2024_opa_10']"
476,WHO_U_2024,2,"['WHO_U_2024_opa_11', 'WHO_U_2024_opa_5']"
477,WHO_U_2024,2,"['WHO_U_2024_opa_7', 'WHO_U_2024_opa_9']"
478,WHO_V_2024,3,"['WHO_V_2024_opa_11', 'WHO_V_2024_opa_8', 'WHO_V_2024_opa_10']"
479,WHO_V_2024,2,"['WHO_V_2024_opa_4', 'WHO_V_2024_opa_6']"
480,WHO_W_2024,3,"['WHO_W_2024_opa_5', 'WHO_W_2024_opa_3', 'WHO_W_2024_opa_10']"
481,WHO_W_2024,2,"['WHO_W_2024_opa_4', 'WHO_W_2024_opa_2']"
482,WHO_W_2024,2,"['WHO_W_2024_opa_6', 'WHO_W_2024_opa_8']"
483,WHO_X_2024,2,"['WHO_X_2024_opa_1', 'WHO_X_2024_opa_4']"
484,WHO_X_2024,3,"['WHO_X_2024_opa_10', 'WHO_X_2024_opa_3', 'WHO_X_2024_opa_8']"
485,WHO_X_2024,2,"['WHO_X_2024_opa_11', 'WHO_X_2024_opa_6']"
486,WHO_Y_2024,2,"['WHO_Y_2024_opa_8', 'WHO_Y_2024_opa_10']"
487,WHO_Y_2024,2,"['WHO_Y_2024_opa_3', 'WHO_Y_2024_opa_6']"
488,WHO_Y_2024,2,"['WHO_Y_2024_opa_7', 'WHO_Y_2024_opa_5']"
489,WHO_Z_2024,2,"['WHO_Z_2024_opa_4', 'WHO_Z_2024_opa_1']"
490,WHO_Z_2024,2,"['WHO_Z_2024_opa_8', 'WHO_Z_2024_opa_10']"
491,WHO_Z_2024,2,"['WHO_Z_2024_opa_6', 'WHO_Z_2024_opa_11']"
492,WHO_Z_2024,2,"['WHO_Z_2024_opa_2', 'WHO_Z_2024_opa_3']"
493,WHO_alpha_2024,3,"['WHO_alpha_2024_opa_9', 'WHO_alpha_2024_opa_10', 'WHO_alpha_2024_opa_2']"
494,WHO_alpha_2024,2,"['WHO_alpha_2024_opa_5', 'WHO_alpha_2024_opa_6']"
495,WHO_beta_2024,3,"['WHO_beta_2024_opa_1', 'WHO_beta_2024_opa_8', 'WHO_beta_2024_opa_6']"
496,WHO_beta_2024,2,"['WHO_beta_2024_opa_5', 'WHO_beta_2024_opa_11']"
497,WHO_beta_2024,2,"['WHO_beta_2024_opa_2', 'WHO_beta_2024_opa_4']"
