SAMPLE	STUDY	ASSEMBLYNAME	ASSEMBLY_TYPE	PROGRAM	PLATFORM	MOLECULETYPE	DESCRIPTION	FASTA	CHROMOSOME_LIST	COVERAGE
SAMEA4710048	PRJEB106623	25818_3#234	clone or isolate	Autocycler v0.2.1	MinION	genomic DNA	Reads were filtered using Filtlong v0.2.1 to keep the 90% highest quality read bases and reads longer than 1kbp. Genomes were assembled using Autocycler v0.2.1 with 4 read subsets at 25x minimum depth and using the assemblers Canu v2.2, Flye v2.9.5, miniasm v0.3, NECAT v0.0.1, NextDenovo v2.5.2, and Raven v1.8.3 . 	25818_3#234.fa.gz	25818_3#234.txt.gz	164.9
SAMN22823923	PRJEB106623	96MB	clone or isolate	Autocycler v0.2.1	MinION	genomic DNA	Reads were filtered using Filtlong v0.2.1 to keep the 90% highest quality read bases and reads longer than 1kbp. Genomes were assembled using Autocycler v0.2.1 with 4 read subsets at 25x minimum depth and using the assemblers Canu v2.2, Flye v2.9.5, miniasm v0.3, NECAT v0.0.1, NextDenovo v2.5.2, and Raven v1.8.3 . 	96MB.fa.gz	96MB.txt.gz	188.3
SAMN10920665	PRJEB106623	AUNG1065	clone or isolate	Autocycler v0.2.1	MinION	genomic DNA	Reads were filtered using Filtlong v0.2.1 to keep the 90% highest quality read bases and reads longer than 1kbp. Genomes were assembled using Autocycler v0.2.1 with 4 read subsets at 25x minimum depth and using the assemblers Canu v2.2, Flye v2.9.5, miniasm v0.3, NECAT v0.0.1, NextDenovo v2.5.2, and Raven v1.8.3 . 	AUNG1065.fa.gz	AUNG1065.txt.gz	92.0
SAMN10920851	PRJEB106623	AUNG1251	clone or isolate	Autocycler v0.2.1	MinION	genomic DNA	Reads were filtered using Filtlong v0.2.1 to keep the 90% highest quality read bases and reads longer than 1kbp. Genomes were assembled using Autocycler v0.2.1 with 4 read subsets at 25x minimum depth and using the assemblers Canu v2.2, Flye v2.9.5, miniasm v0.3, NECAT v0.0.1, NextDenovo v2.5.2, and Raven v1.8.3 . 	AUNG1251.fa.gz	AUNG1251.txt.gz	140.5
SAMN10920891	PRJEB106623	AUNG1291	clone or isolate	Autocycler v0.2.1	MinION	genomic DNA	Reads were filtered using Filtlong v0.2.1 to keep the 90% highest quality read bases and reads longer than 1kbp. Genomes were assembled using Autocycler v0.2.1 with 4 read subsets at 25x minimum depth and using the assemblers Canu v2.2, Flye v2.9.5, miniasm v0.3, NECAT v0.0.1, NextDenovo v2.5.2, and Raven v1.8.3 . 	AUNG1291.fa.gz	AUNG1291.txt.gz	169.4
SAMN22823975	PRJEB106623	CCC010	clone or isolate	Autocycler v0.2.1	MinION	genomic DNA	Reads were filtered using Filtlong v0.2.1 to keep the 90% highest quality read bases and reads longer than 1kbp. Genomes were assembled using Autocycler v0.2.1 with 4 read subsets at 25x minimum depth and using the assemblers Canu v2.2, Flye v2.9.5, miniasm v0.3, NECAT v0.0.1, NextDenovo v2.5.2, and Raven v1.8.3 . 	CCC010.fa.gz	CCC010.txt.gz	167.5
SAMN22823977	PRJEB106623	CCC012	clone or isolate	Autocycler v0.2.1	MinION	genomic DNA	Reads were filtered using Filtlong v0.2.1 to keep the 90% highest quality read bases and reads longer than 1kbp. Genomes were assembled using Autocycler v0.2.1 with 4 read subsets at 25x minimum depth and using the assemblers Canu v2.2, Flye v2.9.5, miniasm v0.3, NECAT v0.0.1, NextDenovo v2.5.2, and Raven v1.8.3 . 	CCC012.fa.gz	CCC012.txt.gz	130.8
SAMN22823978	PRJEB106623	CCC013	clone or isolate	Autocycler v0.2.1	MinION	genomic DNA	Reads were filtered using Filtlong v0.2.1 to keep the 90% highest quality read bases and reads longer than 1kbp. Genomes were assembled using Autocycler v0.2.1 with 4 read subsets at 25x minimum depth and using the assemblers Canu v2.2, Flye v2.9.5, miniasm v0.3, NECAT v0.0.1, NextDenovo v2.5.2, and Raven v1.8.3 . 	CCC013.fa.gz	CCC013.txt.gz	192.9
SAMN22823979	PRJEB106623	CCC014	clone or isolate	Autocycler v0.2.1	MinION	genomic DNA	Reads were filtered using Filtlong v0.2.1 to keep the 90% highest quality read bases and reads longer than 1kbp. Genomes were assembled using Autocycler v0.2.1 with 4 read subsets at 25x minimum depth and using the assemblers Canu v2.2, Flye v2.9.5, miniasm v0.3, NECAT v0.0.1, NextDenovo v2.5.2, and Raven v1.8.3 . 	CCC014.fa.gz	CCC014.txt.gz	187.5
SAMN22823980	PRJEB106623	CCC015	clone or isolate	Autocycler v0.2.1	MinION	genomic DNA	Reads were filtered using Filtlong v0.2.1 to keep the 90% highest quality read bases and reads longer than 1kbp. Genomes were assembled using Autocycler v0.2.1 with 4 read subsets at 25x minimum depth and using the assemblers Canu v2.2, Flye v2.9.5, miniasm v0.3, NECAT v0.0.1, NextDenovo v2.5.2, and Raven v1.8.3 . 	CCC015.fa.gz	CCC015.txt.gz	119.8
SAMN22823981	PRJEB106623	CCC016	clone or isolate	Autocycler v0.2.1	MinION	genomic DNA	Reads were filtered using Filtlong v0.2.1 to keep the 90% highest quality read bases and reads longer than 1kbp. Genomes were assembled using Autocycler v0.2.1 with 4 read subsets at 25x minimum depth and using the assemblers Canu v2.2, Flye v2.9.5, miniasm v0.3, NECAT v0.0.1, NextDenovo v2.5.2, and Raven v1.8.3 . 	CCC016.fa.gz	CCC016.txt.gz	210.0
SAMN22823982	PRJEB106623	CCC017	clone or isolate	Autocycler v0.2.1	MinION	genomic DNA	Reads were filtered using Filtlong v0.2.1 to keep the 90% highest quality read bases and reads longer than 1kbp. Genomes were assembled using Autocycler v0.2.1 with 4 read subsets at 25x minimum depth and using the assemblers Canu v2.2, Flye v2.9.5, miniasm v0.3, NECAT v0.0.1, NextDenovo v2.5.2, and Raven v1.8.3 . 	CCC017.fa.gz	CCC017.txt.gz	104.7
SAMN22823985	PRJEB106623	CCC020	clone or isolate	Autocycler v0.2.1	MinION	genomic DNA	Reads were filtered using Filtlong v0.2.1 to keep the 90% highest quality read bases and reads longer than 1kbp. Genomes were assembled using Autocycler v0.2.1 with 4 read subsets at 25x minimum depth and using the assemblers Canu v2.2, Flye v2.9.5, miniasm v0.3, NECAT v0.0.1, NextDenovo v2.5.2, and Raven v1.8.3 . 	CCC020.fa.gz	CCC020.txt.gz	133.8
SAMN22823993	PRJEB106623	CCC028	clone or isolate	Autocycler v0.2.1	MinION	genomic DNA	Reads were filtered using Filtlong v0.2.1 to keep the 90% highest quality read bases and reads longer than 1kbp. Genomes were assembled using Autocycler v0.2.1 with 4 read subsets at 25x minimum depth and using the assemblers Canu v2.2, Flye v2.9.5, miniasm v0.3, NECAT v0.0.1, NextDenovo v2.5.2, and Raven v1.8.3 . 	CCC028.fa.gz	CCC028.txt.gz	89.7
SAMN22823997	PRJEB106623	CCC033	clone or isolate	Autocycler v0.2.1	MinION	genomic DNA	Reads were filtered using Filtlong v0.2.1 to keep the 90% highest quality read bases and reads longer than 1kbp. Genomes were assembled using Autocycler v0.2.1 with 4 read subsets at 25x minimum depth and using the assemblers Canu v2.2, Flye v2.9.5, miniasm v0.3, NECAT v0.0.1, NextDenovo v2.5.2, and Raven v1.8.3 . 	CCC033.fa.gz	CCC033.txt.gz	193.4
SAMN22824009	PRJEB106623	CCC048	clone or isolate	Autocycler v0.2.1	MinION	genomic DNA	Reads were filtered using Filtlong v0.2.1 to keep the 90% highest quality read bases and reads longer than 1kbp. Genomes were assembled using Autocycler v0.2.1 with 4 read subsets at 25x minimum depth and using the assemblers Canu v2.2, Flye v2.9.5, miniasm v0.3, NECAT v0.0.1, NextDenovo v2.5.2, and Raven v1.8.3 . 	CCC048.fa.gz	CCC048.txt.gz	135.6
SAMN22824012	PRJEB106623	DDD001	clone or isolate	Autocycler v0.2.1	MinION	genomic DNA	Reads were filtered using Filtlong v0.2.1 to keep the 90% highest quality read bases and reads longer than 1kbp. Genomes were assembled using Autocycler v0.2.1 with 4 read subsets at 25x minimum depth and using the assemblers Canu v2.2, Flye v2.9.5, miniasm v0.3, NECAT v0.0.1, NextDenovo v2.5.2, and Raven v1.8.3 . 	DDD001.fa.gz	DDD001.txt.gz	152.5
SAMN22824040	PRJEB106623	DDD029	clone or isolate	Autocycler v0.2.1	MinION	genomic DNA	Reads were filtered using Filtlong v0.2.1 to keep the 90% highest quality read bases and reads longer than 1kbp. Genomes were assembled using Autocycler v0.2.1 with 4 read subsets at 25x minimum depth and using the assemblers Canu v2.2, Flye v2.9.5, miniasm v0.3, NECAT v0.0.1, NextDenovo v2.5.2, and Raven v1.8.3 . 	DDD029.fa.gz	DDD029.txt.gz	305.1
SAMN22824042	PRJEB106623	DDD031	clone or isolate	Autocycler v0.2.1	MinION	genomic DNA	Reads were filtered using Filtlong v0.2.1 to keep the 90% highest quality read bases and reads longer than 1kbp. Genomes were assembled using Autocycler v0.2.1 with 4 read subsets at 25x minimum depth and using the assemblers Canu v2.2, Flye v2.9.5, miniasm v0.3, NECAT v0.0.1, NextDenovo v2.5.2, and Raven v1.8.3 . 	DDD031.fa.gz	DDD031.txt.gz	132.4
SAMN22824045	PRJEB106623	DDD034	clone or isolate	Autocycler v0.2.1	MinION	genomic DNA	Reads were filtered using Filtlong v0.2.1 to keep the 90% highest quality read bases and reads longer than 1kbp. Genomes were assembled using Autocycler v0.2.1 with 4 read subsets at 25x minimum depth and using the assemblers Canu v2.2, Flye v2.9.5, miniasm v0.3, NECAT v0.0.1, NextDenovo v2.5.2, and Raven v1.8.3 . 	DDD034.fa.gz	DDD034.txt.gz	204.3
SAMN22824048	PRJEB106623	DDD038	clone or isolate	Autocycler v0.2.1	MinION	genomic DNA	Reads were filtered using Filtlong v0.2.1 to keep the 90% highest quality read bases and reads longer than 1kbp. Genomes were assembled using Autocycler v0.2.1 with 4 read subsets at 25x minimum depth and using the assemblers Canu v2.2, Flye v2.9.5, miniasm v0.3, NECAT v0.0.1, NextDenovo v2.5.2, and Raven v1.8.3 . 	DDD038.fa.gz	DDD038.txt.gz	76.6
SAMN22824056	PRJEB106623	DDD046	clone or isolate	Autocycler v0.2.1	MinION	genomic DNA	Reads were filtered using Filtlong v0.2.1 to keep the 90% highest quality read bases and reads longer than 1kbp. Genomes were assembled using Autocycler v0.2.1 with 4 read subsets at 25x minimum depth and using the assemblers Canu v2.2, Flye v2.9.5, miniasm v0.3, NECAT v0.0.1, NextDenovo v2.5.2, and Raven v1.8.3 . 	DDD046.fa.gz	DDD046.txt.gz	111.8
SAMN22824064	PRJEB106623	EEE004	clone or isolate	Autocycler v0.2.1	MinION	genomic DNA	Reads were filtered using Filtlong v0.2.1 to keep the 90% highest quality read bases and reads longer than 1kbp. Genomes were assembled using Autocycler v0.2.1 with 4 read subsets at 25x minimum depth and using the assemblers Canu v2.2, Flye v2.9.5, miniasm v0.3, NECAT v0.0.1, NextDenovo v2.5.2, and Raven v1.8.3 . 	EEE004.fa.gz	EEE004.txt.gz	189.4
SAMN22824073	PRJEB106623	EEE013	clone or isolate	Autocycler v0.2.1	MinION	genomic DNA	Reads were filtered using Filtlong v0.2.1 to keep the 90% highest quality read bases and reads longer than 1kbp. Genomes were assembled using Autocycler v0.2.1 with 4 read subsets at 25x minimum depth and using the assemblers Canu v2.2, Flye v2.9.5, miniasm v0.3, NECAT v0.0.1, NextDenovo v2.5.2, and Raven v1.8.3 . 	EEE013.fa.gz	EEE013.txt.gz	123.4
SAMN22824074	PRJEB106623	EEE014	clone or isolate	Autocycler v0.2.1	MinION	genomic DNA	Reads were filtered using Filtlong v0.2.1 to keep the 90% highest quality read bases and reads longer than 1kbp. Genomes were assembled using Autocycler v0.2.1 with 4 read subsets at 25x minimum depth and using the assemblers Canu v2.2, Flye v2.9.5, miniasm v0.3, NECAT v0.0.1, NextDenovo v2.5.2, and Raven v1.8.3 . 	EEE014.fa.gz	EEE014.txt.gz	107.5
SAMN22824075	PRJEB106623	EEE015	clone or isolate	Autocycler v0.2.1	MinION	genomic DNA	Reads were filtered using Filtlong v0.2.1 to keep the 90% highest quality read bases and reads longer than 1kbp. Genomes were assembled using Autocycler v0.2.1 with 4 read subsets at 25x minimum depth and using the assemblers Canu v2.2, Flye v2.9.5, miniasm v0.3, NECAT v0.0.1, NextDenovo v2.5.2, and Raven v1.8.3 . 	EEE015.fa.gz	EEE015.txt.gz	200.8
SAMN22824076	PRJEB106623	EEE016	clone or isolate	Autocycler v0.2.1	MinION	genomic DNA	Reads were filtered using Filtlong v0.2.1 to keep the 90% highest quality read bases and reads longer than 1kbp. Genomes were assembled using Autocycler v0.2.1 with 4 read subsets at 25x minimum depth and using the assemblers Canu v2.2, Flye v2.9.5, miniasm v0.3, NECAT v0.0.1, NextDenovo v2.5.2, and Raven v1.8.3 . 	EEE016.fa.gz	EEE016.txt.gz	171.4
SAMN22824078	PRJEB106623	EEE018	clone or isolate	Autocycler v0.2.1	MinION	genomic DNA	Reads were filtered using Filtlong v0.2.1 to keep the 90% highest quality read bases and reads longer than 1kbp. Genomes were assembled using Autocycler v0.2.1 with 4 read subsets at 25x minimum depth and using the assemblers Canu v2.2, Flye v2.9.5, miniasm v0.3, NECAT v0.0.1, NextDenovo v2.5.2, and Raven v1.8.3 . 	EEE018.fa.gz	EEE018.txt.gz	218.1
SAMN22824079	PRJEB106623	EEE019	clone or isolate	Autocycler v0.2.1	MinION	genomic DNA	Reads were filtered using Filtlong v0.2.1 to keep the 90% highest quality read bases and reads longer than 1kbp. Genomes were assembled using Autocycler v0.2.1 with 4 read subsets at 25x minimum depth and using the assemblers Canu v2.2, Flye v2.9.5, miniasm v0.3, NECAT v0.0.1, NextDenovo v2.5.2, and Raven v1.8.3 . 	EEE019.fa.gz	EEE019.txt.gz	104.3
SAMN22824080	PRJEB106623	EEE020	clone or isolate	Autocycler v0.2.1	MinION	genomic DNA	Reads were filtered using Filtlong v0.2.1 to keep the 90% highest quality read bases and reads longer than 1kbp. Genomes were assembled using Autocycler v0.2.1 with 4 read subsets at 25x minimum depth and using the assemblers Canu v2.2, Flye v2.9.5, miniasm v0.3, NECAT v0.0.1, NextDenovo v2.5.2, and Raven v1.8.3 . 	EEE020.fa.gz	EEE020.txt.gz	89.5
SAMN22824081	PRJEB106623	EEE021	clone or isolate	Autocycler v0.2.1	MinION	genomic DNA	Reads were filtered using Filtlong v0.2.1 to keep the 90% highest quality read bases and reads longer than 1kbp. Genomes were assembled using Autocycler v0.2.1 with 4 read subsets at 25x minimum depth and using the assemblers Canu v2.2, Flye v2.9.5, miniasm v0.3, NECAT v0.0.1, NextDenovo v2.5.2, and Raven v1.8.3 . 	EEE021.fa.gz	EEE021.txt.gz	119.9
SAMN22824083	PRJEB106623	EEE023	clone or isolate	Autocycler v0.2.1	MinION	genomic DNA	Reads were filtered using Filtlong v0.2.1 to keep the 90% highest quality read bases and reads longer than 1kbp. Genomes were assembled using Autocycler v0.2.1 with 4 read subsets at 25x minimum depth and using the assemblers Canu v2.2, Flye v2.9.5, miniasm v0.3, NECAT v0.0.1, NextDenovo v2.5.2, and Raven v1.8.3 . 	EEE023.fa.gz	EEE023.txt.gz	127.5
SAMN22824086	PRJEB106623	EEE026	clone or isolate	Autocycler v0.2.1	MinION	genomic DNA	Reads were filtered using Filtlong v0.2.1 to keep the 90% highest quality read bases and reads longer than 1kbp. Genomes were assembled using Autocycler v0.2.1 with 4 read subsets at 25x minimum depth and using the assemblers Canu v2.2, Flye v2.9.5, miniasm v0.3, NECAT v0.0.1, NextDenovo v2.5.2, and Raven v1.8.3 . 	EEE026.fa.gz	EEE026.txt.gz	203.2
SAMN22824089	PRJEB106623	EEE029	clone or isolate	Autocycler v0.2.1	MinION	genomic DNA	Reads were filtered using Filtlong v0.2.1 to keep the 90% highest quality read bases and reads longer than 1kbp. Genomes were assembled using Autocycler v0.2.1 with 4 read subsets at 25x minimum depth and using the assemblers Canu v2.2, Flye v2.9.5, miniasm v0.3, NECAT v0.0.1, NextDenovo v2.5.2, and Raven v1.8.3 . 	EEE029.fa.gz	EEE029.txt.gz	151.4
SAMN22824090	PRJEB106623	EEE030	clone or isolate	Autocycler v0.2.1	MinION	genomic DNA	Reads were filtered using Filtlong v0.2.1 to keep the 90% highest quality read bases and reads longer than 1kbp. Genomes were assembled using Autocycler v0.2.1 with 4 read subsets at 25x minimum depth and using the assemblers Canu v2.2, Flye v2.9.5, miniasm v0.3, NECAT v0.0.1, NextDenovo v2.5.2, and Raven v1.8.3 . 	EEE030.fa.gz	EEE030.txt.gz	114.2
SAMN22824094	PRJEB106623	EEE034	clone or isolate	Autocycler v0.2.1	MinION	genomic DNA	Reads were filtered using Filtlong v0.2.1 to keep the 90% highest quality read bases and reads longer than 1kbp. Genomes were assembled using Autocycler v0.2.1 with 4 read subsets at 25x minimum depth and using the assemblers Canu v2.2, Flye v2.9.5, miniasm v0.3, NECAT v0.0.1, NextDenovo v2.5.2, and Raven v1.8.3 . 	EEE034.fa.gz	EEE034.txt.gz	103.8
SAMN22824095	PRJEB106623	EEE035	clone or isolate	Autocycler v0.2.1	MinION	genomic DNA	Reads were filtered using Filtlong v0.2.1 to keep the 90% highest quality read bases and reads longer than 1kbp. Genomes were assembled using Autocycler v0.2.1 with 4 read subsets at 25x minimum depth and using the assemblers Canu v2.2, Flye v2.9.5, miniasm v0.3, NECAT v0.0.1, NextDenovo v2.5.2, and Raven v1.8.3 . 	EEE035.fa.gz	EEE035.txt.gz	189.9
SAMN22824097	PRJEB106623	EEE037	clone or isolate	Autocycler v0.2.1	MinION	genomic DNA	Reads were filtered using Filtlong v0.2.1 to keep the 90% highest quality read bases and reads longer than 1kbp. Genomes were assembled using Autocycler v0.2.1 with 4 read subsets at 25x minimum depth and using the assemblers Canu v2.2, Flye v2.9.5, miniasm v0.3, NECAT v0.0.1, NextDenovo v2.5.2, and Raven v1.8.3 . 	EEE037.fa.gz	EEE037.txt.gz	141.5
SAMN02604088	PRJEB106623	FA1090	clone or isolate	Autocycler v0.2.1	MinION	genomic DNA	Reads were filtered using Filtlong v0.2.1 to keep the 90% highest quality read bases and reads longer than 1kbp. Genomes were assembled using Autocycler v0.2.1 with 4 read subsets at 25x minimum depth and using the assemblers Canu v2.2, Flye v2.9.5, miniasm v0.3, NECAT v0.0.1, NextDenovo v2.5.2, and Raven v1.8.3 . 	FA1090.fa.gz	FA1090.txt.gz	239.6
ERS28508854	PRJEB106623	FA19	clone or isolate	Autocycler v0.2.1	MinION	genomic DNA	Reads were filtered using Filtlong v0.2.1 to keep the 90% highest quality read bases and reads longer than 1kbp. Genomes were assembled using Autocycler v0.2.1 with 4 read subsets at 25x minimum depth and using the assemblers Canu v2.2, Flye v2.9.5, miniasm v0.3, NECAT v0.0.1, NextDenovo v2.5.2, and Raven v1.8.3 . 	FA19.fa.gz	FA19.txt.gz	175.5
ERS28508855	PRJEB106623	FA6140	clone or isolate	Autocycler v0.2.1	MinION	genomic DNA	Reads were filtered using Filtlong v0.2.1 to keep the 90% highest quality read bases and reads longer than 1kbp. Genomes were assembled using Autocycler v0.2.1 with 4 read subsets at 25x minimum depth and using the assemblers Canu v2.2, Flye v2.9.5, miniasm v0.3, NECAT v0.0.1, NextDenovo v2.5.2, and Raven v1.8.3 . 	FA6140.fa.gz	FA6140.txt.gz	65.2
SAMN22824113	PRJEB106623	FFF004	clone or isolate	Autocycler v0.2.1	MinION	genomic DNA	Reads were filtered using Filtlong v0.2.1 to keep the 90% highest quality read bases and reads longer than 1kbp. Genomes were assembled using Autocycler v0.2.1 with 4 read subsets at 25x minimum depth and using the assemblers Canu v2.2, Flye v2.9.5, miniasm v0.3, NECAT v0.0.1, NextDenovo v2.5.2, and Raven v1.8.3 . 	FFF004.fa.gz	FFF004.txt.gz	113.4
SAMN22824114	PRJEB106623	FFF005	clone or isolate	Autocycler v0.2.1	MinION	genomic DNA	Reads were filtered using Filtlong v0.2.1 to keep the 90% highest quality read bases and reads longer than 1kbp. Genomes were assembled using Autocycler v0.2.1 with 4 read subsets at 25x minimum depth and using the assemblers Canu v2.2, Flye v2.9.5, miniasm v0.3, NECAT v0.0.1, NextDenovo v2.5.2, and Raven v1.8.3 . 	FFF005.fa.gz	FFF005.txt.gz	82.1
SAMN22824116	PRJEB106623	FFF007	clone or isolate	Autocycler v0.2.1	MinION	genomic DNA	Reads were filtered using Filtlong v0.2.1 to keep the 90% highest quality read bases and reads longer than 1kbp. Genomes were assembled using Autocycler v0.2.1 with 4 read subsets at 25x minimum depth and using the assemblers Canu v2.2, Flye v2.9.5, miniasm v0.3, NECAT v0.0.1, NextDenovo v2.5.2, and Raven v1.8.3 . 	FFF007.fa.gz	FFF007.txt.gz	147.9
SAMN22824121	PRJEB106623	FFF012	clone or isolate	Autocycler v0.2.1	MinION	genomic DNA	Reads were filtered using Filtlong v0.2.1 to keep the 90% highest quality read bases and reads longer than 1kbp. Genomes were assembled using Autocycler v0.2.1 with 4 read subsets at 25x minimum depth and using the assemblers Canu v2.2, Flye v2.9.5, miniasm v0.3, NECAT v0.0.1, NextDenovo v2.5.2, and Raven v1.8.3 . 	FFF012.fa.gz	FFF012.txt.gz	57.4
SAMN22824125	PRJEB106623	FFF017	clone or isolate	Autocycler v0.2.1	MinION	genomic DNA	Reads were filtered using Filtlong v0.2.1 to keep the 90% highest quality read bases and reads longer than 1kbp. Genomes were assembled using Autocycler v0.2.1 with 4 read subsets at 25x minimum depth and using the assemblers Canu v2.2, Flye v2.9.5, miniasm v0.3, NECAT v0.0.1, NextDenovo v2.5.2, and Raven v1.8.3 . 	FFF017.fa.gz	FFF017.txt.gz	73.8
SAMN22824131	PRJEB106623	FFF024	clone or isolate	Autocycler v0.2.1	MinION	genomic DNA	Reads were filtered using Filtlong v0.2.1 to keep the 90% highest quality read bases and reads longer than 1kbp. Genomes were assembled using Autocycler v0.2.1 with 4 read subsets at 25x minimum depth and using the assemblers Canu v2.2, Flye v2.9.5, miniasm v0.3, NECAT v0.0.1, NextDenovo v2.5.2, and Raven v1.8.3 . 	FFF024.fa.gz	FFF024.txt.gz	98.9
SAMN22824133	PRJEB106623	FFF026	clone or isolate	Autocycler v0.2.1	MinION	genomic DNA	Reads were filtered using Filtlong v0.2.1 to keep the 90% highest quality read bases and reads longer than 1kbp. Genomes were assembled using Autocycler v0.2.1 with 4 read subsets at 25x minimum depth and using the assemblers Canu v2.2, Flye v2.9.5, miniasm v0.3, NECAT v0.0.1, NextDenovo v2.5.2, and Raven v1.8.3 . 	FFF026.fa.gz	FFF026.txt.gz	247.6
SAMN22824143	PRJEB106623	FFF038	clone or isolate	Autocycler v0.2.1	MinION	genomic DNA	Reads were filtered using Filtlong v0.2.1 to keep the 90% highest quality read bases and reads longer than 1kbp. Genomes were assembled using Autocycler v0.2.1 with 4 read subsets at 25x minimum depth and using the assemblers Canu v2.2, Flye v2.9.5, miniasm v0.3, NECAT v0.0.1, NextDenovo v2.5.2, and Raven v1.8.3 . 	FFF038.fa.gz	FFF038.txt.gz	135.0
SAMN22824149	PRJEB106623	FFF044	clone or isolate	Autocycler v0.2.1	MinION	genomic DNA	Reads were filtered using Filtlong v0.2.1 to keep the 90% highest quality read bases and reads longer than 1kbp. Genomes were assembled using Autocycler v0.2.1 with 4 read subsets at 25x minimum depth and using the assemblers Canu v2.2, Flye v2.9.5, miniasm v0.3, NECAT v0.0.1, NextDenovo v2.5.2, and Raven v1.8.3 . 	FFF044.fa.gz	FFF044.txt.gz	134.8
SAMN22824152	PRJEB106623	FFF047	clone or isolate	Autocycler v0.2.1	MinION	genomic DNA	Reads were filtered using Filtlong v0.2.1 to keep the 90% highest quality read bases and reads longer than 1kbp. Genomes were assembled using Autocycler v0.2.1 with 4 read subsets at 25x minimum depth and using the assemblers Canu v2.2, Flye v2.9.5, miniasm v0.3, NECAT v0.0.1, NextDenovo v2.5.2, and Raven v1.8.3 . 	FFF047.fa.gz	FFF047.txt.gz	118.4
SAMEA3463058	PRJEB106623	GCGS0245	clone or isolate	Autocycler v0.2.1	MinION	genomic DNA	Reads were filtered using Filtlong v0.2.1 to keep the 90% highest quality read bases and reads longer than 1kbp. Genomes were assembled using Autocycler v0.2.1 with 4 read subsets at 25x minimum depth and using the assemblers Canu v2.2, Flye v2.9.5, miniasm v0.3, NECAT v0.0.1, NextDenovo v2.5.2, and Raven v1.8.3 . 	GCGS0245.fa.gz	GCGS0245.txt.gz	261.1
SAMEA3463086	PRJEB106623	GCGS0276	clone or isolate	Autocycler v0.2.1	MinION	genomic DNA	Reads were filtered using Filtlong v0.2.1 to keep the 90% highest quality read bases and reads longer than 1kbp. Genomes were assembled using Autocycler v0.2.1 with 4 read subsets at 25x minimum depth and using the assemblers Canu v2.2, Flye v2.9.5, miniasm v0.3, NECAT v0.0.1, NextDenovo v2.5.2, and Raven v1.8.3 . 	GCGS0276.fa.gz	GCGS0276.txt.gz	164.1
SAMEA3463038	PRJEB106623	GCGS0306	clone or isolate	Autocycler v0.2.1	MinION	genomic DNA	Reads were filtered using Filtlong v0.2.1 to keep the 90% highest quality read bases and reads longer than 1kbp. Genomes were assembled using Autocycler v0.2.1 with 4 read subsets at 25x minimum depth and using the assemblers Canu v2.2, Flye v2.9.5, miniasm v0.3, NECAT v0.0.1, NextDenovo v2.5.2, and Raven v1.8.3 . 	GCGS0306.fa.gz	GCGS0306.txt.gz	110.7
SAMEA3165313	PRJEB106623	GCGS0313	clone or isolate	Autocycler v0.2.1	MinION	genomic DNA	Reads were filtered using Filtlong v0.2.1 to keep the 90% highest quality read bases and reads longer than 1kbp. Genomes were assembled using Autocycler v0.2.1 with 4 read subsets at 25x minimum depth and using the assemblers Canu v2.2, Flye v2.9.5, miniasm v0.3, NECAT v0.0.1, NextDenovo v2.5.2, and Raven v1.8.3 . 	GCGS0313.fa.gz	GCGS0313.txt.gz	183.6
SAMEA3165706	PRJEB106623	GCGS0339	clone or isolate	Autocycler v0.2.1	MinION	genomic DNA	Reads were filtered using Filtlong v0.2.1 to keep the 90% highest quality read bases and reads longer than 1kbp. Genomes were assembled using Autocycler v0.2.1 with 4 read subsets at 25x minimum depth and using the assemblers Canu v2.2, Flye v2.9.5, miniasm v0.3, NECAT v0.0.1, NextDenovo v2.5.2, and Raven v1.8.3 . 	GCGS0339.fa.gz	GCGS0339.txt.gz	124.7
SAMEA3462862	PRJEB106623	GCGS0373	clone or isolate	Autocycler v0.2.1	MinION	genomic DNA	Reads were filtered using Filtlong v0.2.1 to keep the 90% highest quality read bases and reads longer than 1kbp. Genomes were assembled using Autocycler v0.2.1 with 4 read subsets at 25x minimum depth and using the assemblers Canu v2.2, Flye v2.9.5, miniasm v0.3, NECAT v0.0.1, NextDenovo v2.5.2, and Raven v1.8.3 . 	GCGS0373.fa.gz	GCGS0373.txt.gz	170.7
SAMEA3165382	PRJEB106623	GCGS0423	clone or isolate	Autocycler v0.2.1	MinION	genomic DNA	Reads were filtered using Filtlong v0.2.1 to keep the 90% highest quality read bases and reads longer than 1kbp. Genomes were assembled using Autocycler v0.2.1 with 4 read subsets at 25x minimum depth and using the assemblers Canu v2.2, Flye v2.9.5, miniasm v0.3, NECAT v0.0.1, NextDenovo v2.5.2, and Raven v1.8.3 . 	GCGS0423.fa.gz	GCGS0423.txt.gz	67.9
SAMEA3165386	PRJEB106623	GCGS0431	clone or isolate	Autocycler v0.2.1	MinION	genomic DNA	Reads were filtered using Filtlong v0.2.1 to keep the 90% highest quality read bases and reads longer than 1kbp. Genomes were assembled using Autocycler v0.2.1 with 4 read subsets at 25x minimum depth and using the assemblers Canu v2.2, Flye v2.9.5, miniasm v0.3, NECAT v0.0.1, NextDenovo v2.5.2, and Raven v1.8.3 . 	GCGS0431.fa.gz	GCGS0431.txt.gz	151.1
SAMEA3165392	PRJEB106623	GCGS0457	clone or isolate	Autocycler v0.2.1	MinION	genomic DNA	Reads were filtered using Filtlong v0.2.1 to keep the 90% highest quality read bases and reads longer than 1kbp. Genomes were assembled using Autocycler v0.2.1 with 4 read subsets at 25x minimum depth and using the assemblers Canu v2.2, Flye v2.9.5, miniasm v0.3, NECAT v0.0.1, NextDenovo v2.5.2, and Raven v1.8.3 . 	GCGS0457.fa.gz	GCGS0457.txt.gz	157.9
SAMEA3165384	PRJEB106623	GCGS0769	clone or isolate	Autocycler v0.2.1	MinION	genomic DNA	Reads were filtered using Filtlong v0.2.1 to keep the 90% highest quality read bases and reads longer than 1kbp. Genomes were assembled using Autocycler v0.2.1 with 4 read subsets at 25x minimum depth and using the assemblers Canu v2.2, Flye v2.9.5, miniasm v0.3, NECAT v0.0.1, NextDenovo v2.5.2, and Raven v1.8.3 . 	GCGS0769.fa.gz	GCGS0769.txt.gz	154.4
SAMEA3165660	PRJEB106623	GCGS0834	clone or isolate	Autocycler v0.2.1	MinION	genomic DNA	Reads were filtered using Filtlong v0.2.1 to keep the 90% highest quality read bases and reads longer than 1kbp. Genomes were assembled using Autocycler v0.2.1 with 4 read subsets at 25x minimum depth and using the assemblers Canu v2.2, Flye v2.9.5, miniasm v0.3, NECAT v0.0.1, NextDenovo v2.5.2, and Raven v1.8.3 . 	GCGS0834.fa.gz	GCGS0834.txt.gz	156.6
SAMEA3165270	PRJEB106623	GCGS0864	clone or isolate	Autocycler v0.2.1	MinION	genomic DNA	Reads were filtered using Filtlong v0.2.1 to keep the 90% highest quality read bases and reads longer than 1kbp. Genomes were assembled using Autocycler v0.2.1 with 4 read subsets at 25x minimum depth and using the assemblers Canu v2.2, Flye v2.9.5, miniasm v0.3, NECAT v0.0.1, NextDenovo v2.5.2, and Raven v1.8.3 . 	GCGS0864.fa.gz	GCGS0864.txt.gz	134.0
SAMEA3165620	PRJEB106623	GCGS1013	clone or isolate	Autocycler v0.2.1	MinION	genomic DNA	Reads were filtered using Filtlong v0.2.1 to keep the 90% highest quality read bases and reads longer than 1kbp. Genomes were assembled using Autocycler v0.2.1 with 4 read subsets at 25x minimum depth and using the assemblers Canu v2.2, Flye v2.9.5, miniasm v0.3, NECAT v0.0.1, NextDenovo v2.5.2, and Raven v1.8.3 . 	GCGS1013.fa.gz	GCGS1013.txt.gz	91.1
SAMEA3233711	PRJEB106623	GCGS1014	clone or isolate	Autocycler v0.2.1	MinION	genomic DNA	Reads were filtered using Filtlong v0.2.1 to keep the 90% highest quality read bases and reads longer than 1kbp. Genomes were assembled using Autocycler v0.2.1 with 4 read subsets at 25x minimum depth and using the assemblers Canu v2.2, Flye v2.9.5, miniasm v0.3, NECAT v0.0.1, NextDenovo v2.5.2, and Raven v1.8.3 . 	GCGS1014.fa.gz	GCGS1014.txt.gz	258.1
SAMEA3165247	PRJEB106623	GCGS1095	clone or isolate	Autocycler v0.2.1	MinION	genomic DNA	Reads were filtered using Filtlong v0.2.1 to keep the 90% highest quality read bases and reads longer than 1kbp. Genomes were assembled using Autocycler v0.2.1 with 4 read subsets at 25x minimum depth and using the assemblers Canu v2.2, Flye v2.9.5, miniasm v0.3, NECAT v0.0.1, NextDenovo v2.5.2, and Raven v1.8.3 . 	GCGS1095.fa.gz	GCGS1095.txt.gz	101.9
SAMN22824172	PRJEB106623	GGG022	clone or isolate	Autocycler v0.2.1	MinION	genomic DNA	Reads were filtered using Filtlong v0.2.1 to keep the 90% highest quality read bases and reads longer than 1kbp. Genomes were assembled using Autocycler v0.2.1 with 4 read subsets at 25x minimum depth and using the assemblers Canu v2.2, Flye v2.9.5, miniasm v0.3, NECAT v0.0.1, NextDenovo v2.5.2, and Raven v1.8.3 . 	GGG022.fa.gz	GGG022.txt.gz	44.0
SAMN22824177	PRJEB106623	GGG031	clone or isolate	Autocycler v0.2.1	MinION	genomic DNA	Reads were filtered using Filtlong v0.2.1 to keep the 90% highest quality read bases and reads longer than 1kbp. Genomes were assembled using Autocycler v0.2.1 with 4 read subsets at 25x minimum depth and using the assemblers Canu v2.2, Flye v2.9.5, miniasm v0.3, NECAT v0.0.1, NextDenovo v2.5.2, and Raven v1.8.3 . 	GGG031.fa.gz	GGG031.txt.gz	43.9
SAMN22824216	PRJEB106623	HHH023	clone or isolate	Autocycler v0.2.1	MinION	genomic DNA	Reads were filtered using Filtlong v0.2.1 to keep the 90% highest quality read bases and reads longer than 1kbp. Genomes were assembled using Autocycler v0.2.1 with 4 read subsets at 25x minimum depth and using the assemblers Canu v2.2, Flye v2.9.5, miniasm v0.3, NECAT v0.0.1, NextDenovo v2.5.2, and Raven v1.8.3 . 	HHH023.fa.gz	HHH023.txt.gz	102.0
SAMN22824223	PRJEB106623	HHH030	clone or isolate	Autocycler v0.2.1	MinION	genomic DNA	Reads were filtered using Filtlong v0.2.1 to keep the 90% highest quality read bases and reads longer than 1kbp. Genomes were assembled using Autocycler v0.2.1 with 4 read subsets at 25x minimum depth and using the assemblers Canu v2.2, Flye v2.9.5, miniasm v0.3, NECAT v0.0.1, NextDenovo v2.5.2, and Raven v1.8.3 . 	HHH030.fa.gz	HHH030.txt.gz	43.8
SAMN22824235	PRJEB106623	HHH042	clone or isolate	Autocycler v0.2.1	MinION	genomic DNA	Reads were filtered using Filtlong v0.2.1 to keep the 90% highest quality read bases and reads longer than 1kbp. Genomes were assembled using Autocycler v0.2.1 with 4 read subsets at 25x minimum depth and using the assemblers Canu v2.2, Flye v2.9.5, miniasm v0.3, NECAT v0.0.1, NextDenovo v2.5.2, and Raven v1.8.3 . 	HHH042.fa.gz	HHH042.txt.gz	86.0
SAMN22824249	PRJEB106623	JJJ010	clone or isolate	Autocycler v0.2.1	MinION	genomic DNA	Reads were filtered using Filtlong v0.2.1 to keep the 90% highest quality read bases and reads longer than 1kbp. Genomes were assembled using Autocycler v0.2.1 with 4 read subsets at 25x minimum depth and using the assemblers Canu v2.2, Flye v2.9.5, miniasm v0.3, NECAT v0.0.1, NextDenovo v2.5.2, and Raven v1.8.3 . 	JJJ010.fa.gz	JJJ010.txt.gz	166.8
SAMN22824259	PRJEB106623	JJJ020	clone or isolate	Autocycler v0.2.1	MinION	genomic DNA	Reads were filtered using Filtlong v0.2.1 to keep the 90% highest quality read bases and reads longer than 1kbp. Genomes were assembled using Autocycler v0.2.1 with 4 read subsets at 25x minimum depth and using the assemblers Canu v2.2, Flye v2.9.5, miniasm v0.3, NECAT v0.0.1, NextDenovo v2.5.2, and Raven v1.8.3 . 	JJJ020.fa.gz	JJJ020.txt.gz	72.2
SAMN22824084	PRJEB106623	EEE024	clone or isolate	Autocycler v0.2.1	MinION	genomic DNA	Reads were filtered using Filtlong v0.2.1 to keep the 90% highest quality read bases and reads longer than 1kbp. Genomes were assembled using Autocycler v0.2.1 with 4 read subsets at 25x minimum depth and using the assemblers Canu v2.2, Flye v2.9.5, miniasm v0.3, NECAT v0.0.1, NextDenovo v2.5.2, and Raven v1.8.3 . 	EEE024.fa.gz	EEE024.txt.gz	147.5
SAMN22824319	PRJEB106623	Ng_118	clone or isolate	Autocycler v0.2.1	MinION	genomic DNA	Reads were filtered using Filtlong v0.2.1 to keep the 90% highest quality read bases and reads longer than 1kbp. Genomes were assembled using Autocycler v0.2.1 with 4 read subsets at 25x minimum depth and using the assemblers Canu v2.2, Flye v2.9.5, miniasm v0.3, NECAT v0.0.1, NextDenovo v2.5.2, and Raven v1.8.3 . 	Ng_118.fa.gz	Ng_118.txt.gz	233.9
SAMN22824342	PRJEB106623	Ng_188	clone or isolate	Autocycler v0.2.1	MinION	genomic DNA	Reads were filtered using Filtlong v0.2.1 to keep the 90% highest quality read bases and reads longer than 1kbp. Genomes were assembled using Autocycler v0.2.1 with 4 read subsets at 25x minimum depth and using the assemblers Canu v2.2, Flye v2.9.5, miniasm v0.3, NECAT v0.0.1, NextDenovo v2.5.2, and Raven v1.8.3 . 	Ng_188.fa.gz	Ng_188.txt.gz	175.2
SAMN07351014	PRJEB106623	SRR5827236	clone or isolate	Autocycler v0.2.1	MinION	genomic DNA	Reads were filtered using Filtlong v0.2.1 to keep the 90% highest quality read bases and reads longer than 1kbp. Genomes were assembled using Autocycler v0.2.1 with 4 read subsets at 25x minimum depth and using the assemblers Canu v2.2, Flye v2.9.5, miniasm v0.3, NECAT v0.0.1, NextDenovo v2.5.2, and Raven v1.8.3 . 	SRR5827236.fa.gz	SRR5827236.txt.gz	296.0
SAMN07351241	PRJEB106623	SRR5827322	clone or isolate	Autocycler v0.2.1	MinION	genomic DNA	Reads were filtered using Filtlong v0.2.1 to keep the 90% highest quality read bases and reads longer than 1kbp. Genomes were assembled using Autocycler v0.2.1 with 4 read subsets at 25x minimum depth and using the assemblers Canu v2.2, Flye v2.9.5, miniasm v0.3, NECAT v0.0.1, NextDenovo v2.5.2, and Raven v1.8.3 . 	SRR5827322.fa.gz	SRR5827322.txt.gz	124.0
ERS28491442	PRJEB106623	UMASS-DGI_1	clone or isolate	Autocycler v0.2.1	MinION	genomic DNA	Reads were filtered using Filtlong v0.2.1 to keep the 90% highest quality read bases and reads longer than 1kbp. Genomes were assembled using Autocycler v0.2.1 with 4 read subsets at 25x minimum depth and using the assemblers Canu v2.2, Flye v2.9.5, miniasm v0.3, NECAT v0.0.1, NextDenovo v2.5.2, and Raven v1.8.3 . 	UMASS-DGI_1.fa.gz	UMASS-DGI_1.txt.gz	84.6
ERS28491443	PRJEB106623	UMASS-DGI_26	clone or isolate	Autocycler v0.2.1	MinION	genomic DNA	Reads were filtered using Filtlong v0.2.1 to keep the 90% highest quality read bases and reads longer than 1kbp. Genomes were assembled using Autocycler v0.2.1 with 4 read subsets at 25x minimum depth and using the assemblers Canu v2.2, Flye v2.9.5, miniasm v0.3, NECAT v0.0.1, NextDenovo v2.5.2, and Raven v1.8.3 . 	UMASS-DGI_26.fa.gz	UMASS-DGI_26.txt.gz	133.8
ERS28491444	PRJEB106623	UMASS-DGI_36	clone or isolate	Autocycler v0.2.1	MinION	genomic DNA	Reads were filtered using Filtlong v0.2.1 to keep the 90% highest quality read bases and reads longer than 1kbp. Genomes were assembled using Autocycler v0.2.1 with 4 read subsets at 25x minimum depth and using the assemblers Canu v2.2, Flye v2.9.5, miniasm v0.3, NECAT v0.0.1, NextDenovo v2.5.2, and Raven v1.8.3 . 	UMASS-DGI_36.fa.gz	UMASS-DGI_36.txt.gz	171.5
ERS28491445	PRJEB106623	UMASS-DGI_40	clone or isolate	Autocycler v0.2.1	MinION	genomic DNA	Reads were filtered using Filtlong v0.2.1 to keep the 90% highest quality read bases and reads longer than 1kbp. Genomes were assembled using Autocycler v0.2.1 with 4 read subsets at 25x minimum depth and using the assemblers Canu v2.2, Flye v2.9.5, miniasm v0.3, NECAT v0.0.1, NextDenovo v2.5.2, and Raven v1.8.3 . 	UMASS-DGI_40.fa.gz	UMASS-DGI_40.txt.gz	106.4
ERS28491446	PRJEB106623	UMASS-DGI_46	clone or isolate	Autocycler v0.2.1	MinION	genomic DNA	Reads were filtered using Filtlong v0.2.1 to keep the 90% highest quality read bases and reads longer than 1kbp. Genomes were assembled using Autocycler v0.2.1 with 4 read subsets at 25x minimum depth and using the assemblers Canu v2.2, Flye v2.9.5, miniasm v0.3, NECAT v0.0.1, NextDenovo v2.5.2, and Raven v1.8.3 . 	UMASS-DGI_46.fa.gz	UMASS-DGI_46.txt.gz	102.3
ERS28491447	PRJEB106623	UMASS-DGI_5	clone or isolate	Autocycler v0.2.1	MinION	genomic DNA	Reads were filtered using Filtlong v0.2.1 to keep the 90% highest quality read bases and reads longer than 1kbp. Genomes were assembled using Autocycler v0.2.1 with 4 read subsets at 25x minimum depth and using the assemblers Canu v2.2, Flye v2.9.5, miniasm v0.3, NECAT v0.0.1, NextDenovo v2.5.2, and Raven v1.8.3 . 	UMASS-DGI_5.fa.gz	UMASS-DGI_5.txt.gz	82.0
ERS28491448	PRJEB106623	UMASS-DGI_54	clone or isolate	Autocycler v0.2.1	MinION	genomic DNA	Reads were filtered using Filtlong v0.2.1 to keep the 90% highest quality read bases and reads longer than 1kbp. Genomes were assembled using Autocycler v0.2.1 with 4 read subsets at 25x minimum depth and using the assemblers Canu v2.2, Flye v2.9.5, miniasm v0.3, NECAT v0.0.1, NextDenovo v2.5.2, and Raven v1.8.3 . 	UMASS-DGI_54.fa.gz	UMASS-DGI_54.txt.gz	65.0
ERS28491449	PRJEB106623	UMASS-DGI_65	clone or isolate	Autocycler v0.2.1	MinION	genomic DNA	Reads were filtered using Filtlong v0.2.1 to keep the 90% highest quality read bases and reads longer than 1kbp. Genomes were assembled using Autocycler v0.2.1 with 4 read subsets at 25x minimum depth and using the assemblers Canu v2.2, Flye v2.9.5, miniasm v0.3, NECAT v0.0.1, NextDenovo v2.5.2, and Raven v1.8.3 . 	UMASS-DGI_65.fa.gz	UMASS-DGI_65.txt.gz	146.0
ERS28491450	PRJEB106623	UMASS-DGI_9	clone or isolate	Autocycler v0.2.1	MinION	genomic DNA	Reads were filtered using Filtlong v0.2.1 to keep the 90% highest quality read bases and reads longer than 1kbp. Genomes were assembled using Autocycler v0.2.1 with 4 read subsets at 25x minimum depth and using the assemblers Canu v2.2, Flye v2.9.5, miniasm v0.3, NECAT v0.0.1, NextDenovo v2.5.2, and Raven v1.8.3 . 	UMASS-DGI_9.fa.gz	UMASS-DGI_9.txt.gz	98.3
